Name,Brand,Category,Image URL,Price,MSRP,Units Available,,455
WOOD CRVED BWN 53X64 WALL MIR,Arhaus,Mirrors,https://storage.googleapis.com/floorfound-prod-cdn/arhaus/products/images/c52b4913-a79f-4c50-a7bc-9271a34c7c6e.jpg,$ 295 each,"$1,100",17,,
TEAK BATH BWN 28X35 WALL MIR,Arhaus,Mirrors,https://cdn.shopify.com/s/files/1/0711/6419/9198/files/Harrison_WallMirror_6002268_Brown_F-1-3mobile.jpg?v=1725387831,$ 121 each,$450,8,,
TAPERED BLK 30X47 WALL MIRROR,Arhaus,Mirrors,https://upload.wikimedia.org/wikipedia/commons/3/3d/Arhaus_logo.jpg,$ 214 each,$550,42,,
TAPERED BLK 30X47 WALL MIRROR,Arhaus,Mirrors,https://storage.googleapis.com/floorfound-prod-cdn/br_home/products/images/d08558a6-8ad6-4118-9517-f896301c8ca9.jpg,$ 121 each,$450,31,,
STRIPE BLACK OS WALL ART,Arhaus,Decor,https://upload.wikimedia.org/wikipedia/commons/3/3d/Arhaus_logo.jpg,$ 72 each,$270,5,,
RECT OAK BWN 36X48 WALL MIR,Arhaus,Mirrors,https://storage.googleapis.com/floorfound-prod-cdn/br_home/products/images/e373e55f-5f2a-4727-92e9-807e34f94cd4.jpg,$ 402 each,"$1,300",22,,
PORTRAIT WHT 30X45 WALL MIRROR,Arhaus,Mirrors,https://storage.googleapis.com/floorfound-prod-cdn/br_home/products/images/24b86cc6-b3a3-42b6-8f2c-219c1c4bb1aa.jpg,$ 123 each,$460,33,,
PORTRAIT BLK 30X45 WALL MIRROR,Arhaus,Mirrors,https://upload.wikimedia.org/wikipedia/commons/3/3d/Arhaus_logo.jpg,$ 121 each,$450,15,,
PAPER MACHE 45X45 SQ SCULPTURE,Arhaus,Decor,https://cdn.shopify.com/s/files/1/0711/6419/9198/files/PaperMacheWallArt_DimensionalArt_6002253_White_F-P01-2tablet.jpg?v=1720547156,$ 134 each,$500,83,,
PAPER MACHE 38X57 SQ SCULPTURE,Arhaus,Decor,https://cdn.shopify.com/s/files/1/0711/6419/9198/files/PaperMacheWallArt_DimensionalArt_6002254_White_F-P01-2tablet.jpg?v=1720547153,$ 134 each,$500,69,,
PAPER MACHE 30X47 SQ SCULPTURE,Arhaus,Decor,https://upload.wikimedia.org/wikipedia/commons/3/3d/Arhaus_logo.jpg,$ 121 each,$450,76,,
PAINTED WEAVE WH OS WALL ART,Arhaus,Decor,https://upload.wikimedia.org/wikipedia/commons/3/3d/Arhaus_logo.jpg,$ 75 each,$280,37,,
OBLONG ANT BR 42X72 WALL MIR,Arhaus,Mirrors,https://upload.wikimedia.org/wikipedia/commons/3/3d/Arhaus_logo.jpg,$ 308 each,"$1,150",12,,
OAK CURVE BWN 48X48 WALL MIR,Arhaus,Mirrors,https://upload.wikimedia.org/wikipedia/commons/3/3d/Arhaus_logo.jpg,$ 80 each,$300,10,,
OAK CURVE BWN 24X64 FLR MIRROR,Arhaus,Mirrors,https://cdn.shopify.com/s/files/1/0711/6419/9198/files/Mina_WallMirror_6002209_Oak_F-1-2tablet.jpg?v=1720547154,$ 94 each,$350,4,,
OAK CURVE BWN 24X26 WALL MIR,Arhaus,Mirrors,https://storage.googleapis.com/floorfound-prod-cdn/br_home/products/images/a1d3f026-2206-429d-aeba-70dd83849f73.jpg,$ 40 each,$150,9,,
OAK CURVE BLK 48X48 WALL MIR,Arhaus,Mirrors,https://storage.googleapis.com/floorfound-prod-cdn/br_home/products/images/99064fcd-503c-4b5b-a926-36c579b7b43c.png,$ 80 each,$300,7,,
OAK CURVE BLK 24X64 FLR MIRROR,Arhaus,Mirrors,https://cdn.shopify.com/s/files/1/0711/6419/9198/files/Mina_WallMirror_6002209_Black_F_CC-1-2tablet.jpg?v=1720547151,$ 94 each,$350,4,,
OAK CURVE BLK 24X26 WALL MIR,Arhaus,Mirrors,https://storage.googleapis.com/floorfound-prod-cdn/br_home/products/images/5bd6d15f-b3f0-4c3b-ace8-a45b706351a1.png,$ 40 each,$150,2,,
NM RECT BWN 30X42 WALL MIRROR,Arhaus,Mirrors,https://cdn.shopify.com/s/files/1/0711/6419/9198/files/Marjorie_WallMirror_6002247_Brown_F-1-3mobile.jpg?v=1725387707,$ 188 each,$600,3,,
MOP INLAY NAT 64X124 WALL MIR,Arhaus,Mirrors,https://upload.wikimedia.org/wikipedia/commons/3/3d/Arhaus_logo.jpg,"$ 2,518 each","$9,150",2,,
MOP INLAY NAT 52X78 WALL MIR,Arhaus,Mirrors,https://upload.wikimedia.org/wikipedia/commons/3/3d/Arhaus_logo.jpg,"$ 1,580 each","$5,800",24,,
MOP INLAY NAT 52X28 WALL MIR,Arhaus,Mirrors,https://upload.wikimedia.org/wikipedia/commons/3/3d/Arhaus_logo.jpg,$ 777 each,"$2,750",26,,
MOLDED WHT 48X48 WALL MIRROR,Arhaus,Mirrors,https://upload.wikimedia.org/wikipedia/commons/3/3d/Arhaus_logo.jpg,$ 161 each,$600,28,,
MOLDED BLK 48X48 WALL MIRROR,Arhaus,Mirrors,https://cdn.shopify.com/s/files/1/0711/6419/9198/files/Ceratonia_WallMirror_6003214_Black_F-1-2tablet.jpg?v=1721238634,$ 158 each,$590,24,,
GLD WALL MIRROR,Arhaus,Mirrors,https://cdn.shopify.com/s/files/1/0711/6419/9198/files/Santolina_WallMirror_6002779_Gold_F-1-3mobile.jpg?v=1725387786,$ 670 each,"$2,250",20,,
GILT GLD 36X48 WALL MIRROR,Arhaus,Mirrors,https://cdn.shopify.com/s/files/1/0711/6419/9198/files/Serrula_WallMirror_6002777_Gold_F-1-3mobile.jpg?v=1725387821,$ 455 each,"$1,600",18,,
GILT BLK 36X48 WALL MIRROR,Arhaus,Mirrors,https://cdn.shopify.com/s/files/1/0711/6419/9198/files/Serrula_WallMirror_6002778_Black_F-1-3mobile.jpg?v=1725387827,$ 375 each,"$1,150",19,,
EIGHT EDGES WH 30X44 WALL MIR,Arhaus,Mirrors,https://upload.wikimedia.org/wikipedia/commons/3/3d/Arhaus_logo.jpg,$ 121 each,$450,32,,
EIGHT EDGES BLK 30X48 WALL MIR,Arhaus,Mirrors,https://storage.googleapis.com/floorfound-prod-cdn/br_home/products/images/c85d5628-0cc3-4826-a61a-564ec092b8ee.jpg,$ 121 each,$450,25,,
CONVEX BLK 60X60 WALL MIRROR,Arhaus,Mirrors,https://upload.wikimedia.org/wikipedia/commons/3/3d/Arhaus_logo.jpg,$ 777 each,"$2,350",33,,
CONVEX BLK 48X48 WALL MIRROR,Arhaus,Mirrors,https://cdn.shopify.com/s/files/1/0711/6419/9198/files/Markie_WallMirror_6002239_Black_F-1-3mobile.jpg?v=1725387699,$ 429 each,"$1,350",25,,
CONVEX BLK 36X36 WALL MIRROR,Arhaus,Mirrors,https://storage.googleapis.com/floorfound-prod-cdn/br_home/products/images/8bd457c1-0c73-480a-a30f-8aa557f1b0f8.png,$ 241 each,$800,32,,
CARVED NAT 64X98 FLR MIRROR,Arhaus,Mirrors,https://upload.wikimedia.org/wikipedia/commons/3/3d/Arhaus_logo.jpg,$ 643 each,"$1,999",18,,
CARVED NAT 42X76 FLR MIRROR,Arhaus,Mirrors,https://storage.googleapis.com/floorfound-prod-cdn/arhaus/products/images/dbc22f94-18d7-4f81-bc57-be6ab51f907f.jpg,$ 241 each,$900,25,,
CARVED NAT 36X48 FLR MIRROR,Arhaus,Mirrors,https://cdn.shopify.com/s/files/1/0711/6419/9198/files/Serena_FloorMirror_6002270_Natural_F-1-3mobile.jpg?v=1720547158,$ 348 each,"$1,299",35,,
CARVED BLK 64X98 FLR MIRROR,Arhaus,Mirrors,https://upload.wikimedia.org/wikipedia/commons/3/3d/Arhaus_logo.jpg,$ 643 each,"$1,999",17,,
CARVED BLK 42X76 FLR MIRROR,Arhaus,Mirrors,https://cdn.shopify.com/s/files/1/0711/6419/9198/files/Serena_FloorMirror_6002270_Black_F-1-2tablet.jpg?v=1720547152,$ 241 each,$600,25,,
CARVED BLK 36X48 FLR MIRROR,Arhaus,Mirrors,https://cdn.shopify.com/s/files/1/0711/6419/9198/files/Serena_FloorMirror_6002270_Black_F-1-2tablet.jpg?v=1720547152,$ 348 each,"$1,299",38,,
BRZ WALL MIRROR 3,Arhaus,Mirrors,https://cdn.shopify.com/s/files/1/0711/6419/9198/files/Sydney_WallMirror_6002890_Bronze_78_F-1-2tablet.jpg?v=1721238650,$ 777 each,"$2,800",26,,
BRZ WALL MIRROR 2,Arhaus,Mirrors,https://upload.wikimedia.org/wikipedia/commons/3/3d/Arhaus_logo.jpg,$ 696 each,"$2,500",29,,
BRZ WALL MIRROR 1,Arhaus,Mirrors,https://storage.googleapis.com/floorfound-prod-cdn/br_home/products/images/fb4bf27b-c87f-4fcd-a053-44166a60e151.jpg,$ 509 each,"$1,750",29,,
BLK WALL MIRROR,Arhaus,Mirrors,https://upload.wikimedia.org/wikipedia/commons/3/3d/Arhaus_logo.jpg,$ 670 each,"$2,100",14,,
AFRICAN CLAY ROPE CHARCOAL,Arhaus,Decor,https://upload.wikimedia.org/wikipedia/commons/3/3d/Arhaus_logo.jpg,$ 490 each,"$1,829",14,,
"SENA 39"" BOOKCASE IN BROWN",Arhaus,Furniture,https://storage.googleapis.com/floorfound-prod-cdn/br_home/products/images/bc5e889a-2194-41a0-bf73-7db1248af1cb.jpg,$ 280 each,$610,2,,
"SEEMA 48"" CAB WOOD 2 DR BROWN",Arhaus,Decor,https://storage.googleapis.com/floorfound-prod-cdn/br_home/products/images/2f102ae8-0084-441d-8e04-ce7512aab270.jpg,$ 827 each,"$1,800",2,,
"SEEMA 48"" CAB TALL WD 2 DR BRN",Arhaus,Decor,https://cdn.shopify.com/s/files/1/0711/6419/9198/files/Seema_Cabinet_6002771_Brown_Large_F_1x1_43b350a0-173c-4427-8f23-69c24b23997e.png?v=1724441805,"$ 1,792 each","$3,899",40,,
"SEEMA 48"" CAB GLASS 4 DR BROWN",Arhaus,Decor,https://upload.wikimedia.org/wikipedia/commons/3/3d/Arhaus_logo.jpg,"$ 1,838 each","$3,999",15,,
"RIVO 84"" SDBD 4 DR BROWN",Arhaus,Decor,https://storage.googleapis.com/floorfound-prod-cdn/arhaus/products/images/4275af7e-147e-4be8-b03f-5241d42c467b.jpg,$ 597 each,"$1,300",7,,
"POGORO 71"" REEDED SDBD NAT",Arhaus,Decor,https://upload.wikimedia.org/wikipedia/commons/3/3d/Arhaus_logo.jpg,$ 322 each,$701,9,,
PHOENIX 97 MED CON 3 DR BROWN,Arhaus,Decor,https://cdn.shopify.com/s/files/1/0711/6419/9198/files/PhoenixMediaConsole-6002020-Teak-OneSize-P01-tablet.jpg?v=1693596828,$ 472 each,"$1,027",5,,
"PHOENIX 68"" SDBD BRN TEAK",Arhaus,Decor,https://storage.googleapis.com/floorfound-prod-cdn/br_home/products/images/01f847a2-dc8f-4d60-957c-c76b56d08a0d.jpg,$ 689 each,"$1,500",4,,
PHOENIX 65 MED CON 2 DR BROWN,Arhaus,Decor,https://upload.wikimedia.org/wikipedia/commons/3/3d/Arhaus_logo.jpg,$ 505 each,"$1,100",3,,
LISBON 48 OAK CURVE BOOK BLK,Arhaus,Decor,https://upload.wikimedia.org/wikipedia/commons/3/3d/Arhaus_logo.jpg,$ 475 each,"$1,034",1,,
CLIFTON 72 SDBD 4 DR ATQ BRASS,Arhaus,Decor,https://upload.wikimedia.org/wikipedia/commons/3/3d/Arhaus_logo.jpg,$ 505 each,"$1,059",23,,
BAILEY 98 MED CON BRN MGNY,Arhaus,Decor,https://upload.wikimedia.org/wikipedia/commons/3/3d/Arhaus_logo.jpg,$ 312 each,$679,3,,
BAILEY 65 MED CON BRN MGNY,Arhaus,Decor,https://upload.wikimedia.org/wikipedia/commons/3/3d/Arhaus_logo.jpg,$ 322 each,$700,13,,
"AMBLE 68"" SDBD 3 DR BRN TEAK",Arhaus,Decor,https://upload.wikimedia.org/wikipedia/commons/3/3d/Arhaus_logo.jpg,$ 689 each,"$1,500",11,,
"SEDONA UPH 48""W OTTO OYSTER",Arhaus,Decor,https://storage.googleapis.com/floorfound-prod-cdn/br_home/products/images/8a6fa2fe-3894-42e8-b7cc-31704c88450e.jpg,$ 395 each,"$1,200",19,,
"RYE WD 20""W TRI CHR BROWN",Arhaus,Decor,https://storage.googleapis.com/floorfound-prod-cdn/br_home/products/images/5a3e6f26-1454-4851-8b17-f31f17ee63ac.png,$ 224 each,$680,19,,
"MALAWI WD 26""W CANE CHR BLACK",Arhaus,Decor,https://cdn.shopify.com/s/files/1/0711/6419/9198/files/MalawiCaneChair-6002336-SoftBlack-AV1-tablet-2.jpg?v=1724448645,$ 82 each,$250,1,,
"DELANO UPH 30""W CHR OYSTER",Arhaus,Decor,https://storage.googleapis.com/floorfound-prod-cdn/br_home/products/images/b1925954-31c7-41d7-a8a6-56112619176b.jpg,$ 127 each,$385,1,,
"CARSON WD 28""W WOVEN CHR BROWN",Arhaus,Decor,https://storage.googleapis.com/floorfound-prod-cdn/br_home/products/images/42a28bde-a7a8-4ed2-ad4f-c159b162ae26.jpg,$ 329 each,"$1,000",1,,
9X12 VOYAGE MULTI RUG,Arhaus,Pillows & Rugs,https://cdn.shopify.com/s/files/1/0711/6419/9198/files/VoyageRug-6001790-Multi-AV1-tablet-3.jpg?v=1696294806,$ 571 each,$950,4,,
9X12 VIDES SABLE RUG,Arhaus,Pillows & Rugs,https://cdn.shopify.com/s/files/1/0711/6419/9198/files/VidesRug-6002566-PO1-TABLET_8.png?v=1697984563,$ 852 each,"$1,418",6,,
9X12 VESTIAGE MULTI RUG,Arhaus,Pillows & Rugs,https://cdn.shopify.com/s/files/1/0711/6419/9198/files/VesitageRug-6001860-Multi-AV1-tablet-1.jpg?v=1697984546,$ 541 each,$900,3,,
9X12 TUAREG BLACK RUG,Arhaus,Pillows & Rugs,https://cdn.shopify.com/s/files/1/0711/6419/9198/files/Malek_Wool_6002673_Black_O-2-2tablet.jpg?v=1719421815,$ 696 each,"$1,158",2,,
9X12 TIMPA PEWTER RUG,Arhaus,Pillows & Rugs,https://cdn.shopify.com/s/files/1/0711/6419/9198/files/Timpa_Wool_6002652_White_O-2-3mobile.jpg?v=1718044255,$ 554 each,$921,5,,
9X12 SEEKER MULTI RUG,Arhaus,Pillows & Rugs,https://cdn.shopify.com/s/files/1/0711/6419/9198/files/SeekerRug-6001864-Multi-AV1-tablet-1.jpg?v=1697984248,$ 346 each,$575,1,,
9X12 SAHRA TAN RUG,Arhaus,Pillows & Rugs,https://cdn.shopify.com/s/files/1/0711/6419/9198/files/Laina_Wool_6003804_Tobacco_O-2-2tablet.jpg?v=1719419492,$ 268 each,$446,8,,
9X12 SAFA NATURAL RUG,Arhaus,Pillows & Rugs,https://cdn.shopify.com/s/files/1/0711/6419/9198/files/Safa_Wool_6002668_Natural_O-2-3mobile.jpg?v=1718045290,$ 285 each,$475,8,,
9X12 RONDEAU MULTI RUG,Arhaus,Pillows & Rugs,https://cdn.shopify.com/s/files/1/0711/6419/9198/files/RondeauRug-6001846-Multi-AV1-tablet-1.jpg?v=1697984214,$ 793 each,"$1,320",5,,
9X12 RIDGE MULTI RUG,Arhaus,Pillows & Rugs,https://storage.googleapis.com/floorfound-prod-cdn/br_home/products/images/4a6c3453-5f4a-4f7d-a6ea-7c7c552e805f.jpg,$ 215 each,$358,5,,
9X12 REVERIE MULTI RUG,Arhaus,Pillows & Rugs,https://upload.wikimedia.org/wikipedia/commons/3/3d/Arhaus_logo.jpg,$ 275 each,$457,6,,
9X12 RANN COCOA RUG,Arhaus,Pillows & Rugs,https://upload.wikimedia.org/wikipedia/commons/3/3d/Arhaus_logo.jpg,$ 284 each,$473,4,,
9X12 PRISHA BLACK RUG,Arhaus,Pillows & Rugs,https://storage.googleapis.com/floorfound-prod-cdn/br_home/products/images/93bf456e-7bd3-4a1e-97fd-239a7a938e6c.jpg,$ 179 each,$297,6,,
9X12 PHILLO OYSTER RUG,Arhaus,Pillows & Rugs,https://upload.wikimedia.org/wikipedia/commons/3/3d/Arhaus_logo.jpg,$ 406 each,$675,6,,
9X12 NASIMA RUST RUG,Arhaus,Pillows & Rugs,https://upload.wikimedia.org/wikipedia/commons/3/3d/Arhaus_logo.jpg,$ 227 each,$378,4,,
9X12 NAHID CAMEL RUG,Arhaus,Pillows & Rugs,https://upload.wikimedia.org/wikipedia/commons/3/3d/Arhaus_logo.jpg,$ 204 each,$339,9,,
9X12 MYRIAD MULTI RUG,Arhaus,Pillows & Rugs,https://upload.wikimedia.org/wikipedia/commons/3/3d/Arhaus_logo.jpg,$ 551 each,$916,4,,
9X12 MARRAKECH MULTI RUG,Arhaus,Pillows & Rugs,https://upload.wikimedia.org/wikipedia/commons/3/3d/Arhaus_logo.jpg,"$ 1,224 each","$2,037",4,,
9X12 LARK OYSTER RUG,Arhaus,Pillows & Rugs,https://upload.wikimedia.org/wikipedia/commons/3/3d/Arhaus_logo.jpg,$ 584 each,$972,1,,
9X12 LAINA GREY RUG,Arhaus,Pillows & Rugs,https://cdn.shopify.com/s/files/1/0711/6419/9198/files/Laina_Wool_6003804_Truffle_O-2-3mobile.jpg?v=1719419492,$ 278 each,$463,1,,
9X12 KILM CHARCOAL RUG,Arhaus,Pillows & Rugs,https://upload.wikimedia.org/wikipedia/commons/3/3d/Arhaus_logo.jpg,$ 226 each,$376,3,,
9X12 KARAM NATURAL RUG,Arhaus,Pillows & Rugs,https://cdn.shopify.com/s/files/1/0711/6419/9198/files/Karam_Wool_6002655_Natural_O-2-3mobile.jpg?v=1719422124,$ 250 each,$416,5,,
9X12 JAYA NATURAL RUG,Arhaus,Pillows & Rugs,https://cdn.shopify.com/s/files/1/0711/6419/9198/files/Jaya_Swatch_6003031_Natural_SWATCH-4-3mobile.jpg?v=1718051225,$ 285 each,$475,9,,
9X12 HALCYON MULTI RUG,Arhaus,Pillows & Rugs,https://upload.wikimedia.org/wikipedia/commons/3/3d/Arhaus_logo.jpg,$ 793 each,"$1,320",1,,
9X12 FLOE MULTI RUG,Arhaus,Pillows & Rugs,https://cdn.shopify.com/s/files/1/0711/6419/9198/files/FloeRug-6001784-Multi-AV1-tablet-1.jpg?v=1697982038,$ 491 each,$817,4,,
9X12 FAUNA MULTI RUG,Arhaus,Pillows & Rugs,https://cdn.shopify.com/s/files/1/0711/6419/9198/files/FaunaRug-6001810-Multi-AV1-tablet-1.jpg?v=1697981929,$ 793 each,"$1,320",7,,
9X12 FANTASY MULTI GRAY,Arhaus,Decor,https://cdn.shopify.com/s/files/1/0711/6419/9198/files/Sahra_Wool_6002662_Truffle_O_1x1_1.png?v=1719591939,$ 269 each,$447,2,,
9X12 FABLE MULTI RUG,Arhaus,Pillows & Rugs,https://cdn.shopify.com/s/files/1/0711/6419/9198/files/FableRug-6001762-Multi-AV1-tablet-1.jpg?v=1697981921,$ 687 each,"$1,143",8,,
9X12 ASILAH MULTI RUG,Arhaus,Pillows & Rugs,https://cdn.shopify.com/s/files/1/0711/6419/9198/files/AsilahRug-6001738-Multi-AV1-tablet-1.jpg?v=1697981441,"$ 1,665 each","$2,771",5,,
9 X 12 QUICKSANDS MULTI RUG,Arhaus,Pillows & Rugs,https://storage.googleapis.com/floorfound-prod-cdn/br_home/products/images/b9c074e0-9880-4c5b-8c3e-e282d73e931a.jpg,$ 528 each,$879,4,,
8X10 VISTA MULTI RUG,Arhaus,Pillows & Rugs,https://cdn.shopify.com/s/files/1/0711/6419/9198/files/FolkloreRug-6001770-Multi-AV1-tablet-1.jpg?v=1697982056,$ 467 each,$777,9,,
8X10 VIDES SABLE RUG,Arhaus,Pillows & Rugs,https://upload.wikimedia.org/wikipedia/commons/3/3d/Arhaus_logo.jpg,$ 631 each,"$1,050",5,,
8X10 TUAREG NATURAL RUG,Arhaus,Pillows & Rugs,https://cdn.shopify.com/s/files/1/0711/6419/9198/files/Omra_Wool_6002674_Natural_O-2-3mobile.jpg?v=1719423887,$ 516 each,$858,1,,
8X10 TUAREG BLACK RUG,Arhaus,Pillows & Rugs,https://upload.wikimedia.org/wikipedia/commons/3/3d/Arhaus_logo.jpg,$ 516 each,$858,2,,
8X10 TIMPA WHITE RUG,Arhaus,Pillows & Rugs,https://cdn.shopify.com/s/files/1/0711/6419/9198/files/Timpa_Wool_6002652_White_O-2-3mobile.jpg?v=1718044255,$ 396 each,$659,8,,
8X10 SILAS CAMEL RUG,Arhaus,Pillows & Rugs,https://cdn.shopify.com/s/files/1/0711/6419/9198/files/Nahid_Wool_6002658_Camel_O-2-3mobile.jpg?v=1716387745,$ 152 each,$253,16,,
8X10 SEEKER MULTI RUG,Arhaus,Pillows & Rugs,https://upload.wikimedia.org/wikipedia/commons/3/3d/Arhaus_logo.jpg,$ 256 each,$426,6,,
8X10 SAHRA IVORY RUG,Arhaus,Pillows & Rugs,https://cdn.shopify.com/s/files/1/0711/6419/9198/files/Sahra_Wool_6002662_Oyster_O_1x1_1.png?v=1719591937,$ 206 each,$343,1,,
8X10 SAHRA COCOA RUG,Arhaus,Pillows & Rugs,https://storage.googleapis.com/floorfound-prod-cdn/br_home/products/images/bfd0fb10-8b4a-4be3-a0ea-c5a8503aafc3.png,$ 198 each,$330,9,,
8X10 SAFA NATURAL RUG,Arhaus,Pillows & Rugs,https://upload.wikimedia.org/wikipedia/commons/3/3d/Arhaus_logo.jpg,$ 212 each,$352,8,,
8X10 RONDEAU MULTI RUG,Arhaus,Pillows & Rugs,https://upload.wikimedia.org/wikipedia/commons/3/3d/Arhaus_logo.jpg,$ 588 each,$978,6,,
8X10 ROARIE MULTI RUG,Arhaus,Pillows & Rugs,https://upload.wikimedia.org/wikipedia/commons/3/3d/Arhaus_logo.jpg,$ 227 each,$377,9,,
8X10 REVERIE MULTI RUG,Arhaus,Pillows & Rugs,https://storage.googleapis.com/floorfound-prod-cdn/br_home/products/images/6bbf7fcf-d26e-4109-8c22-90e099067dbb.png,$ 204 each,$339,6,,
8X10 RANN COCOA RUG,Arhaus,Pillows & Rugs,https://storage.googleapis.com/floorfound-prod-cdn/br_home/products/images/35e2b807-b550-4f0d-aa9b-cdbdecda9317.png,$ 210 each,$350,3,,
8X10 RABAT MULTI RUG,Arhaus,Pillows & Rugs,https://cdn.shopify.com/s/files/1/0711/6419/9198/files/RabatRug-6001852-2.png?v=1697673745,$ 923 each,"$1,535",5,,
8X10 QUICKSAND MULTI RUG,Arhaus,Pillows & Rugs,https://cdn.shopify.com/s/files/1/0711/6419/9198/files/QuicksandsRug-6001850-Multi-AV1-tablet-1.jpg?v=1697984161,$ 386 each,$643,6,,
8X10 PRISHA BLACK RUG,Arhaus,Pillows & Rugs,https://upload.wikimedia.org/wikipedia/commons/3/3d/Arhaus_logo.jpg,$ 132 each,$220,5,,
8X10 PIRRO OYSTER RUG,Arhaus,Pillows & Rugs,https://storage.googleapis.com/floorfound-prod-cdn/br_home/products/images/4c65a259-e349-43fe-bbd8-8f7a4f84da41.jpg,$ 301 each,$500,7,,
8X10 OUZOUD MULTI RUG,Arhaus,Pillows & Rugs,https://cdn.shopify.com/s/files/1/0711/6419/9198/files/OuzoudRug-6001842-Multi-AV1-tablet-1.jpg?v=1697983315,$ 923 each,"$1,535",4,,
8X10 OREN MULTI RUG,Arhaus,Pillows & Rugs,https://cdn.shopify.com/s/files/1/0711/6419/9198/files/ORENRUG-6001890-Multi-AV1-tablet-1.jpg?v=1697982753,$ 736 each,"$1,225",7,,
8X10 ODYSSEY MULTI RUG,Arhaus,Pillows & Rugs,https://upload.wikimedia.org/wikipedia/commons/3/3d/Arhaus_logo.jpg,$ 343 each,$571,5,,
8X10 NOMAD MULTI RUG,Arhaus,Pillows & Rugs,https://cdn.shopify.com/s/files/1/0711/6419/9198/files/NomadRug-6001834-Multi-AV1-tablet-1.jpg?v=1697982736,$ 331 each,$550,14,,
8X10 NASIMA RUST RUG,Arhaus,Pillows & Rugs,https://storage.googleapis.com/floorfound-prod-cdn/br_home/products/images/f3e1e21d-2859-4708-9e86-76e2a4dea172.jpg,$ 169 each,$282,3,,
8X10 NASIMA CHARCOAL RUG,Arhaus,Pillows & Rugs,https://upload.wikimedia.org/wikipedia/commons/3/3d/Arhaus_logo.jpg,$ 168 each,$279,3,,
8X10 MYRIAD MULTI RUG,Arhaus,Pillows & Rugs,https://cdn.shopify.com/s/files/1/0711/6419/9198/files/MyriadRug-6001828-Multi-AV1-tablet-1.jpg?v=1697982690,$ 409 each,$680,4,,
8X10 MOROCCAN TRUFFLE RUG,Arhaus,Pillows & Rugs,https://cdn.shopify.com/s/files/1/0711/6419/9198/files/Farzin_Wool_6002677_Truffle_O-2-3mobile.jpg?v=1719422946,$ 291 each,$484,7,,
8X10 MOONLIGHT MULTI RUG,Arhaus,Pillows & Rugs,https://upload.wikimedia.org/wikipedia/commons/3/3d/Arhaus_logo.jpg,$ 765 each,"$1,273",6,,
8X10 MEKNES MULTI RUG,Arhaus,Pillows & Rugs,https://upload.wikimedia.org/wikipedia/commons/3/3d/Arhaus_logo.jpg,$ 789 each,"$1,313",16,,
8X10 MEKNES MULTI RUG,Arhaus,Pillows & Rugs,https://cdn.shopify.com/s/files/1/0711/6419/9198/files/MeknesRug-6001822-Multi-AV1-tablet-1.jpg?v=1697982683,$ 923 each,"$1,535",5,,
8X10 MARTIL MULTI RUG,Arhaus,Pillows & Rugs,https://upload.wikimedia.org/wikipedia/commons/3/3d/Arhaus_logo.jpg,$ 923 each,"$1,535",1,,
8X10 LORE MULTI RUG,Arhaus,Pillows & Rugs,https://upload.wikimedia.org/wikipedia/commons/3/3d/Arhaus_logo.jpg,$ 256 each,$426,6,,
8X10 LAINA COCOA RUG,Arhaus,Pillows & Rugs,https://cdn.shopify.com/s/files/1/0711/6419/9198/files/Laina_Wool_6003804_Cocoa_O-2-3mobile.jpg?v=1719419492,$ 198 each,$330,3,,
8X10 KARAM NATURAL RUG,Arhaus,Pillows & Rugs,https://storage.googleapis.com/floorfound-prod-cdn/br_home/products/images/74e45dcb-c3c5-465d-b597-09b98598a25f.jpg,$ 185 each,$308,5,,
8X10 JAYA NATURAL RUG,Arhaus,Pillows & Rugs,https://cdn.shopify.com/s/files/1/0711/6419/9198/files/Jaya_Swatch_6003031_Natural_SWATCH-4-3mobile.jpg?v=1718051225,$ 212 each,$352,8,,
8X10 IVO RUSTIC RUG,Arhaus,Pillows & Rugs,https://cdn.shopify.com/s/files/1/0711/6419/9198/files/IVORUG-6001918-Rustic-AV1-tablet-1.jpg?v=1712873299,$ 433 each,$720,2,,
8X10 INDRA MULTI RUG,Arhaus,Pillows & Rugs,https://cdn.shopify.com/s/files/1/0711/6419/9198/files/IndraRug-6001800-Multi-AV1-tablet-1.jpg?v=1697982287,$ 256 each,$426,1,,
8X10 HERITAGE MULTI RUG,Arhaus,Pillows & Rugs,https://cdn.shopify.com/s/files/1/0711/6419/9198/files/HeritageRug-6001780-Multi-AV1-tablet-1.jpg?v=1697982232,$ 509 each,$847,1,,
8X10 FAUNA MULTI RUG,Arhaus,Pillows & Rugs,https://cdn.shopify.com/s/files/1/0711/6419/9198/files/FaunaRug-6001810-Multi-AV1-tablet-1.jpg?v=1697981929,$ 588 each,$978,8,,
8X10 FABLE MULTI RUG,Arhaus,Pillows & Rugs,https://storage.googleapis.com/floorfound-prod-cdn/br_home/products/images/822dd3e2-5d50-47ea-b828-00edea7f0e0a.jpg,$ 500 each,$832,9,,
8X10 CASABLANCA MULTI RUG,Arhaus,Pillows & Rugs,https://cdn.shopify.com/s/files/1/0711/6419/9198/files/CasablancaRug-6001742-Multi-AV1-tablet-1.jpg?v=1697981550,$ 923 each,"$1,535",1,,
8X10 AURA MULTI RUG,Arhaus,Pillows & Rugs,https://cdn.shopify.com/s/files/1/0711/6419/9198/files/KarmaRug-6001792-Multi-AV1-tablet-1.jpg?v=1697981451,$ 315 each,$524,9,,
8X10 ARUNA NATURAL RUG,Arhaus,Pillows & Rugs,https://cdn.shopify.com/s/files/1/0711/6419/9198/files/Aruna_Wool_6002671_Natural_O-2-3mobile.jpg?v=1718049898,$ 331 each,$550,1,,
8X10 ANIZA NATURAL RUG,Arhaus,Pillows & Rugs,https://cdn.shopify.com/s/files/1/0711/6419/9198/files/Aniza_Wool_6002657_Natural_O-2-3mobile.jpg?v=1719423458,$ 185 each,$308,1,,
6X9 TUAREG BLACK RUG,Arhaus,Pillows & Rugs,https://cdn.shopify.com/s/files/1/0711/6419/9198/files/Malek_Wool_6002673_Black_O-2-2tablet.jpg?v=1719421815,$ 348 each,$579,2,,
6X9 STORM CHARCOAL RUG,Arhaus,Pillows & Rugs,https://cdn.shopify.com/s/files/1/0711/6419/9198/files/StormRug-6001788-Charcoal-AV1-tablet-1.jpg?v=1715267619,$ 436 each,$725,5,,
6X9 SHERWOOD OYSTER RUG,Arhaus,Pillows & Rugs,N/A,$ 304 each,$506,5,,
6X9 SANTIAGO SAND RUG,Arhaus,Pillows & Rugs,https://upload.wikimedia.org/wikipedia/commons/3/3d/Arhaus_logo.jpg,$ 568 each,$945,2,,
6X9 RONDEAU MULTI RUG,Arhaus,Pillows & Rugs,https://upload.wikimedia.org/wikipedia/commons/3/3d/Arhaus_logo.jpg,$ 383 each,$638,11,,
6X9 RIDGE MULTI RUG,Arhaus,Pillows & Rugs,https://storage.googleapis.com/floorfound-prod-cdn/br_home/products/images/6f996104-f115-4139-82e1-e765422bd3f9.jpg,$ 108 each,$179,7,,
6X9 NASIMA CHARCOAL RUG,Arhaus,Pillows & Rugs,https://upload.wikimedia.org/wikipedia/commons/3/3d/Arhaus_logo.jpg,$ 121 each,$201,2,,
6X9 MEKNES MULTI RUG,Arhaus,Pillows & Rugs,https://storage.googleapis.com/floorfound-prod-cdn/br_home/products/images/3815f3bb-8f3d-4e8e-84f8-0c60a378d04a.jpg,$ 623 each,"$1,036",4,,
6X9 MEDINA MULTI RUG,Arhaus,Pillows & Rugs,https://cdn.shopify.com/s/files/1/0711/6419/9198/files/MedinaRug-6001820-Multi-AV1-tablet-1.jpg?v=1697982611,$ 82 each,$137,4,,
6X9 MAVERICKS MULTI RUG,Arhaus,Pillows & Rugs,https://cdn.shopify.com/s/files/1/0711/6419/9198/files/MavericksRug-6001818-Multi-AV1-tablet-1.jpg?v=1697982604,$ 260 each,$432,7,,
6X9 LEGACY MULTI RUG,Arhaus,Pillows & Rugs,https://storage.googleapis.com/floorfound-prod-cdn/br_home/products/images/f91f79ff-bfca-48a7-9688-1a64605c425d.jpg,$ 151 each,$251,8,,
6X9 LABYRINTH TRUFFLE RUG,Arhaus,Pillows & Rugs,https://cdn.shopify.com/s/files/1/0711/6419/9198/files/LABYRINTHRUG-6001907-Truffle-AV1-tablet-1.jpg?v=1701360846,$ 355 each,$591,5,,
6X9 IVO RUSTIC RUG,Arhaus,Pillows & Rugs,https://cdn.shopify.com/s/files/1/0711/6419/9198/files/IVORUG-6001918-Rustic-AV1-tablet-1.jpg?v=1712873299,$ 292 each,$486,4,,
6X9 HIGHLANDS MULTI RUG,Arhaus,Pillows & Rugs,https://cdn.shopify.com/s/files/1/0711/6419/9198/files/HighlandsRug-6001782-Multi-AV1-tablet-1.jpg?v=1697982272,$ 260 each,$432,6,,
6X9 HAYWOOD OYSTER RUG,Arhaus,Pillows & Rugs,https://cdn.shopify.com/s/files/1/0711/6419/9198/files/HAYWOODRUG-6001901-Oyster-AV1-tablet-1.jpg?v=1697982143,$ 264 each,$439,4,,
6X9 FES MULTI RUG,Arhaus,Pillows & Rugs,https://cdn.shopify.com/s/files/1/0711/6419/9198/files/FesRug-6001768-Multi-AV1-tablet-1.jpg?v=1697981945,$ 144 each,$240,3,,
6X9 ESTERO TRUFFLE RUG,Arhaus,Pillows & Rugs,https://storage.googleapis.com/floorfound-prod-cdn/arhaus/products/images/8cad344d-aa84-479e-8bc9-5660da8de79c.png,$ 568 each,$945,2,,
6X9 ESTERO OYSTER RUG,Arhaus,Pillows & Rugs,https://cdn.shopify.com/s/files/1/0711/6419/9198/files/ESTERORUG-6001740-Oyster-AV1-tablet-1.jpg?v=1715980914,$ 568 each,$945,6,,
6X9 DRIFTWOOD MULTI RUG,Arhaus,Pillows & Rugs,N/A,$ 245 each,$408,7,,
6X9 ARUNA NATURAL RUG,Arhaus,Pillows & Rugs,https://cdn.shopify.com/s/files/1/0711/6419/9198/files/Aruna_Wool_6002671_Natural_O-2-3mobile.jpg?v=1718049898,$ 223 each,$371,1,,
5 X 8 FLORES TOBACCO RUG,Arhaus,Pillows & Rugs,https://upload.wikimedia.org/wikipedia/commons/3/3d/Arhaus_logo.jpg,$ 215 each,$358,13,,
10X14 PEREGRINE OYSTER RUG,Arhaus,Pillows & Rugs,https://upload.wikimedia.org/wikipedia/commons/3/3d/Arhaus_logo.jpg,$ 733 each,"$1,220",4,,
10X14 OREN COCOA RUG,Arhaus,Pillows & Rugs,https://upload.wikimedia.org/wikipedia/commons/3/3d/Arhaus_logo.jpg,"$ 1,289 each","$2,144",4,,
10X14 LA RACHE MULTI RUG,Arhaus,Pillows & Rugs,https://cdn.shopify.com/s/files/1/0711/6419/9198/files/LaRacheRug-6001796-Multi-AV1-tablet-1.jpg?v=1697982378,"$ 1,489 each","$2,478",5,,
"ZURI 15"" CUBE IN WHITE MARBLE",Arhaus,Decor,https://upload.wikimedia.org/wikipedia/commons/3/3d/Arhaus_logo.jpg,$ 107 each,$400,6,,
ZELIE 60 MRT EMPRDR TP BRS BS,Arhaus,Decor,https://upload.wikimedia.org/wikipedia/commons/3/3d/Arhaus_logo.jpg,"$ 1,339 each","$5,000",15,,
"SYDNEY 60"" CF TBL IN BRONZE",Arhaus,Decor,https://upload.wikimedia.org/wikipedia/commons/3/3d/Arhaus_logo.jpg,"$ 1,339 each","$5,000",25,,
SYDNEY 60 SQUARE CF BRASS ANTQ,Arhaus,Decor,https://upload.wikimedia.org/wikipedia/commons/3/3d/Arhaus_logo.jpg,"$ 1,339 each","$5,000",10,,
SYDNEY 56 CF IN BRONZE BROWN,Arhaus,Decor,https://storage.googleapis.com/floorfound-prod-cdn/br_home/products/images/1a368362-a448-4718-96f7-3ebd8a720e29.jpg,"$ 1,205 each","$4,500",25,,
SYDNEY 16 SD IN BRONZE,Arhaus,Decor,https://upload.wikimedia.org/wikipedia/commons/3/3d/Arhaus_logo.jpg,$ 294 each,"$1,099",23,,
SYDNEY 16 SD ANTQ BRASS,Arhaus,Decor,https://storage.googleapis.com/floorfound-prod-cdn/br_home/products/images/5cf45717-f998-4d5d-a513-d5a9f109d03d.jpg,$ 295 each,"$1,100",21,,
RYE 84 ORIGINS CON IN BROWN,Arhaus,Decor,https://storage.googleapis.com/floorfound-prod-cdn/br_home/products/images/a7d20320-e2c1-48b4-a46a-3c9edb26a5ab.jpg,$ 643 each,"$2,399",22,,
RYE 72 ORIGINS CON IN BROWN,Arhaus,Decor,https://upload.wikimedia.org/wikipedia/commons/3/3d/Arhaus_logo.jpg,$ 563 each,"$2,099",11,,
RYE 36 ORIGINS CF TBL IN BROWN,Arhaus,Decor,https://upload.wikimedia.org/wikipedia/commons/3/3d/Arhaus_logo.jpg,$ 321 each,$850,23,,
RYE 24 ORIGINS CF TBL IN BROWN,Arhaus,Decor,https://upload.wikimedia.org/wikipedia/commons/3/3d/Arhaus_logo.jpg,$ 268 each,$520,17,,
RYE 20 STOOL WD VERSION 2 BRN,Arhaus,Furniture,https://upload.wikimedia.org/wikipedia/commons/3/3d/Arhaus_logo.jpg,$ 118 each,$440,9,,
RHODES 11 ORIGINS STOOL NAT,Arhaus,Furniture,https://upload.wikimedia.org/wikipedia/commons/3/3d/Arhaus_logo.jpg,$ 54 each,$200,11,,
RHODES 11 ORIGINS STOOL BLACK,Arhaus,Furniture,https://cdn.shopify.com/s/files/1/0711/6419/9198/files/6002131-RhodesStool-PO1TabletBlack.png?v=1705441139,$ 54 each,$200,10,,
"PHOENIX 39"" CF TBL IN BROWN",Arhaus,Decor,https://storage.googleapis.com/floorfound-prod-cdn/br_home/products/images/7ad8a0a5-7c60-4458-97b2-9edce123b21e.jpg,$ 201 each,$750,5,,
PAXTON 70 OV WD INLAY CON NAT,Arhaus,Decor,https://upload.wikimedia.org/wikipedia/commons/3/3d/Arhaus_logo.jpg,$ 174 each,$650,5,,
PAXTON 54 WD INLAY REC CF NAT,Arhaus,Decor,https://upload.wikimedia.org/wikipedia/commons/3/3d/Arhaus_logo.jpg,$ 616 each,"$1,050",22,,
PAXTON 54 WD INLAY REC CF BRN,Arhaus,Decor,https://storage.googleapis.com/floorfound-prod-cdn/br_home/products/images/2620efa3-588a-4b05-97e8-e292177df35e.jpg,$ 616 each,$700,8,,
PAXTON 54 OV WD INLAY REC CF,Arhaus,Decor,https://upload.wikimedia.org/wikipedia/commons/3/3d/Arhaus_logo.jpg,$ 616 each,$400,27,,
"PAXTON 48"" COFFEE TBL IN BROWN",Arhaus,Decor,https://upload.wikimedia.org/wikipedia/commons/3/3d/Arhaus_logo.jpg,$ 536 each,"$1,299",47,,
"PAXTON 48"" COFFEE TBL IN BLACK",Arhaus,Decor,https://upload.wikimedia.org/wikipedia/commons/3/3d/Arhaus_logo.jpg,$ 536 each,$344,4,,
"PAXTON 48"" CF TBL IN NATURAL",Arhaus,Decor,https://upload.wikimedia.org/wikipedia/commons/3/3d/Arhaus_logo.jpg,$ 536 each,$900,24,,
PAVITT 48 LEATHER CF IN BLACK,Arhaus,Decor,https://upload.wikimedia.org/wikipedia/commons/3/3d/Arhaus_logo.jpg,$ 201 each,$750,18,,
NAPA 22 CAPSULE END IN BROWN,Arhaus,Decor,https://upload.wikimedia.org/wikipedia/commons/3/3d/Arhaus_logo.jpg,$ 142 each,$530,28,,
NAPA 14.63 CAPSULE END BROWN,Arhaus,Decor,https://upload.wikimedia.org/wikipedia/commons/3/3d/Arhaus_logo.jpg,$ 246 each,$920,19,,
MELBOURNE 14 PLNTH DRM SD BRNZ,Arhaus,Decor,https://upload.wikimedia.org/wikipedia/commons/3/3d/Arhaus_logo.jpg,$ 193 each,$720,3,,
MATTEO 48 SQ LOW CF TRAVERTINE,Arhaus,Pillows & Rugs,https://storage.googleapis.com/floorfound-prod-cdn/br_home/products/images/f1944823-21b4-4d89-9e63-d82f14af75e1.jpg,$ 857 each,"$3,200",12,,
MATTEO 48 ONYX SQ LOW CF ONYX,Arhaus,Pillows & Rugs,https://storage.googleapis.com/floorfound-prod-cdn/br_home/products/images/0fa2d61a-8e42-4399-902a-f7233abe2c30.jpg,$ 857 each,"$3,200",26,,
MATTEO 36 ONYX SQ LOW CF NAT,Arhaus,Pillows & Rugs,https://upload.wikimedia.org/wikipedia/commons/3/3d/Arhaus_logo.jpg,$ 750 each,"$2,800",21,,
LISBON 71 OAK CURVE CF BROWN,Arhaus,Decor,https://upload.wikimedia.org/wikipedia/commons/3/3d/Arhaus_logo.jpg,$ 308 each,"$1,150",4,,
LISBON 71 OAK CURVE CF BLACK,Arhaus,Decor,https://storage.googleapis.com/floorfound-prod-cdn/br_home/products/images/f1ed42b0-0bf0-4724-b040-6f7b59d0a5cf.jpg,$ 402 each,"$1,500",24,,
LISBON 66 OAK CURVE CON BROWN,Arhaus,Decor,https://upload.wikimedia.org/wikipedia/commons/3/3d/Arhaus_logo.jpg,$ 308 each,"$1,150",1,,
LISBON 66 OAK CRV SHLF CN BRN,Arhaus,Decor,https://upload.wikimedia.org/wikipedia/commons/3/3d/Arhaus_logo.jpg,$ 603 each,"$2,250",21,,
LISBON 66 OAK CRV SHLF CN BLK,Arhaus,Decor,https://storage.googleapis.com/floorfound-prod-cdn/br_home/products/images/538ba20d-4950-4c23-bf67-ca2525e7923d.jpg,$ 536 each,"$2,000",21,,
LISBON 52 OAK CURVE CF BLACK,Arhaus,Decor,https://storage.googleapis.com/floorfound-prod-cdn/br_home/products/images/a368644b-c59e-4c4d-9e60-6e076319ebf5.jpg,$ 407 each,"$1,520",35,,
LISBON 50 OAK CURVE NST SD BLK,Arhaus,Decor,https://cdn.shopify.com/s/files/1/0711/6419/9198/files/LisbonNestingSideTable-6001993-Black-OneSize-AV1-tablet.jpg?v=1724368130,$ 214 each,$800,3,,
"LENNOX 74"" COFFEE TBL IN BROWN",Arhaus,Decor,https://upload.wikimedia.org/wikipedia/commons/3/3d/Arhaus_logo.jpg,$ 536 each,"$1,999",20,,
LENNOX 74 PEDESTAL CF IN BROWN,Arhaus,Decor,https://storage.googleapis.com/floorfound-prod-cdn/br_home/products/images/23bb4784-93a2-4095-b576-63ca9b51772d.jpg,$ 173 each,$646,10,,
LARISSA 63 REC CF TBL IN WHITE,Arhaus,Decor,N/A,$ 750 each,"$2,800",3,,
LARISSA 48 ROUND CF IN WHITE,Arhaus,Decor,https://upload.wikimedia.org/wikipedia/commons/3/3d/Arhaus_logo.jpg,$ 482 each,"$1,800",14,,
KENT 30 STN IRON 2 PC SET BLK,Arhaus,Decor,https://upload.wikimedia.org/wikipedia/commons/3/3d/Arhaus_logo.jpg,$ 40 each,$150,7,,
KENT 25 PAINTED GLASS CF BROWN,Arhaus,Decor,https://storage.googleapis.com/floorfound-prod-cdn/br_home/products/images/a34a5a39-860d-4013-b871-aa60607ad64f.jpg,$ 161 each,$600,13,,
HUDSON 57.48 SOLID OAK CF BLK,Arhaus,Decor,https://upload.wikimedia.org/wikipedia/commons/3/3d/Arhaus_logo.jpg,$ 161 each,$600,12,,
EZE 16 ORIGINS SD TBL IN BROWN,Arhaus,Decor,https://cdn.shopify.com/s/files/1/0711/6419/9198/files/Eze_EndTable_6002065_BrownBlack_TQ-2-3mobile.jpg?v=1724368461,$ 193 each,$720,19,,
"COPULA 22.5"" SIDE TBL IN BLACK",Arhaus,Decor,https://storage.googleapis.com/floorfound-prod-cdn/br_home/products/images/c2a717bd-1224-400b-8c1e-91af196e1c77.jpg,$ 236 each,$880,25,,
CLIFTON 60 CON IN ANTQ BRASS,Arhaus,Decor,https://upload.wikimedia.org/wikipedia/commons/3/3d/Arhaus_logo.jpg,$ 321 each,"$1,200",3,,
CLIFTON 16 ORGN NST SD ATQ BRS,Arhaus,Decor,https://cdn.shopify.com/s/files/1/0711/6419/9198/files/CliftonNestingSideTable-6002066-Brass-OneSize-AV1-tablet-1.jpg?v=1694542882,$ 236 each,$880,23,,
BRISTOL 22 STONE OVAL SD BEIGE,Arhaus,Decor,N/A,$ 268 each,$999,23,,
BAILEY 70 MAHOGANY CF IN BROWN,Arhaus,Decor,https://upload.wikimedia.org/wikipedia/commons/3/3d/Arhaus_logo.jpg,$ 228 each,$850,9,,
"AMBLE 63"" CONSOLE TBL IN BROWN",Arhaus,Furniture,https://upload.wikimedia.org/wikipedia/commons/3/3d/Arhaus_logo.jpg,$ 321 each,"$1,200",3,,
"AMBLE 55"" COFFEE TBL IN BROWN",Arhaus,Decor,https://storage.googleapis.com/floorfound-prod-cdn/br_home/products/images/11176738-71dc-4bed-907d-27ffa5db9e75.jpg,$ 87 each,$325,3,,
"AMBLE 39"" COFFEE TBL IN BROWN",Arhaus,Decor,https://storage.googleapis.com/floorfound-prod-cdn/br_home/products/images/02c05ca5-7277-4c4b-9392-8285fffc6476.jpg,$ 228 each,$850,16,,
AMBLE 21 NESTING END IN BROWN,Arhaus,Decor,https://upload.wikimedia.org/wikipedia/commons/3/3d/Arhaus_logo.jpg,$ 134 each,$500,4,,
ALTA 16 SD STN MARBLE,Arhaus,Decor,https://upload.wikimedia.org/wikipedia/commons/3/3d/Arhaus_logo.jpg,$ 193 each,$720,9,,
ALTA 12 STN 3 LEG SIDE MARBLE,Arhaus,Decor,https://upload.wikimedia.org/wikipedia/commons/3/3d/Arhaus_logo.jpg,$ 161 each,$600,58,,
ALTA 12 STN 3 LEG SD BLK MRQ,Arhaus,Decor,https://upload.wikimedia.org/wikipedia/commons/3/3d/Arhaus_logo.jpg,$ 182 each,$680,29,,
ALTA 12 CYLINDER SD STN MARBLE,Arhaus,Decor,https://cdn.shopify.com/s/files/1/0711/6419/9198/files/AltaMarbleCylinderSideTable-6002090-Marble-OneSize-P01-tablet-2.jpg?v=1693856531,$ 201 each,$750,9,,
WOODEN V7 BLK TABLE LAMP SHADE,Arhaus,Furniture,https://upload.wikimedia.org/wikipedia/commons/3/3d/Arhaus_logo.jpg,$ 16 each,$50,7,,
WOODEN V7 BLK ACCENT LAMP BASE,Arhaus,Lighting,https://upload.wikimedia.org/wikipedia/commons/3/3d/Arhaus_logo.jpg,$ 65 each,$200,6,,
WOODEN V6 NAT TBL LAMP SHADE,Arhaus,Lighting,https://upload.wikimedia.org/wikipedia/commons/3/3d/Arhaus_logo.jpg,$ 16 each,$50,15,,
WOODEN V6 BLK TBL LAMP BASE,Arhaus,Lighting,https://upload.wikimedia.org/wikipedia/commons/3/3d/Arhaus_logo.jpg,$ 98 each,$300,14,,
WOODEN V4 NAT TABLE LAMP SHADE,Arhaus,Furniture,https://upload.wikimedia.org/wikipedia/commons/3/3d/Arhaus_logo.jpg,$ 16 each,$50,9,,
WOODEN V4 BLK TL LAMP BASE,Arhaus,Lighting,https://upload.wikimedia.org/wikipedia/commons/3/3d/Arhaus_logo.jpg,$ 82 each,$250,7,,
WOODEN V2 WH TL BASE,Arhaus,Decor,https://upload.wikimedia.org/wikipedia/commons/3/3d/Arhaus_logo.jpg,$ 180 each,$550,41,,
WOODEN V2 BLK TABLE SHADE,Arhaus,Furniture,https://upload.wikimedia.org/wikipedia/commons/3/3d/Arhaus_logo.jpg,$ 52 each,$158,41,,
WOODEN NAT TABLE LAMP SHADE,Arhaus,Furniture,https://upload.wikimedia.org/wikipedia/commons/3/3d/Arhaus_logo.jpg,$ 16 each,$50,11,,
WOODEN NAT FL BASE,Arhaus,Decor,https://upload.wikimedia.org/wikipedia/commons/3/3d/Arhaus_logo.jpg,$ 262 each,$800,3,,
WOODEN BLK FL SHADE,Arhaus,Decor,https://upload.wikimedia.org/wikipedia/commons/3/3d/Arhaus_logo.jpg,$ 52 each,$158,2,,
WOODEN BLACK TL BASE,Arhaus,Decor,https://upload.wikimedia.org/wikipedia/commons/3/3d/Arhaus_logo.jpg,$ 98 each,$300,10,,
WOOD WHT TB LAMP BASE,Arhaus,Lighting,https://upload.wikimedia.org/wikipedia/commons/3/3d/Arhaus_logo.jpg,$ 131 each,$400,7,,
WOOD NAT TB LAMP SHADE,Arhaus,Lighting,https://upload.wikimedia.org/wikipedia/commons/3/3d/Arhaus_logo.jpg,$ 16 each,$50,9,,
V3 NAT TBL LAMP SHADE,Arhaus,Lighting,https://upload.wikimedia.org/wikipedia/commons/3/3d/Arhaus_logo.jpg,$ 9 each,$28,6,,
TRI NAT FLOOR LAMP GRV SHADE,Arhaus,Lighting,https://upload.wikimedia.org/wikipedia/commons/3/3d/Arhaus_logo.jpg,$ 49 each,$150,22,,
TRI NAT FLOOR LAMP GRV SHADE,Arhaus,Lighting,https://upload.wikimedia.org/wikipedia/commons/3/3d/Arhaus_logo.jpg,$ 49 each,$150,20,,
TRI BRZ FLOOR LAMP GRV BASE,Arhaus,Lighting,https://upload.wikimedia.org/wikipedia/commons/3/3d/Arhaus_logo.jpg,$ 207 each,$631,22,,
TRI ANT BR FLOOR LAMP GRV BASE,Arhaus,Lighting,https://upload.wikimedia.org/wikipedia/commons/3/3d/Arhaus_logo.jpg,$ 213 each,$649,20,,
TRAVERTINE BLK FL SHADE,Arhaus,Decor,https://storage.googleapis.com/floorfound-prod-cdn/br_home/products/images/89d99dfb-d2ef-47b8-a7ae-d0ae992005cf.png,$ 34 each,$103,9,,
TRAVERTINE BLK FL BASE,Arhaus,Decor,https://storage.googleapis.com/floorfound-prod-cdn/br_home/products/images/3a2d93b9-9146-49d5-a6ca-8f4b194bc243.jpg,$ 257 each,$785,6,,
TRAV BLK TABLE LAMP SH,Arhaus,Furniture,https://upload.wikimedia.org/wikipedia/commons/3/3d/Arhaus_logo.jpg,$ 10 each,$32,24,,
TRAV ANT BR TABLE LAMP BASE,Arhaus,Furniture,https://storage.googleapis.com/floorfound-prod-cdn/br_home/products/images/c312de71-85af-40e9-8a3a-8e239f9772f5.jpg,$ 52 each,$158,22,,
TOTEM SM GRY NAT TBL LAMP SH,Arhaus,Lighting,https://upload.wikimedia.org/wikipedia/commons/3/3d/Arhaus_logo.jpg,$ 16 each,$50,1,,
TOTEM MD NAT TBL LAMP SH,Arhaus,Lighting,https://upload.wikimedia.org/wikipedia/commons/3/3d/Arhaus_logo.jpg,$ 16 each,$50,1,,
TOTEM GRY LG LAMP SHADE,Arhaus,Lighting,https://upload.wikimedia.org/wikipedia/commons/3/3d/Arhaus_logo.jpg,$ 6 each,$17,45,,
TOTEM BLK LG LAMP BASE,Arhaus,Lighting,N/A,$ 110 each,$337,46,,
TAPERED DRUM NAT FL LAMP SHADE,Arhaus,Lighting,https://upload.wikimedia.org/wikipedia/commons/3/3d/Arhaus_logo.jpg,$ 49 each,$150,6,,
TAP MD NAT TBL LAMP DRUM SHADE,Arhaus,Lighting,https://upload.wikimedia.org/wikipedia/commons/3/3d/Arhaus_logo.jpg,$ 31 each,$95,14,,
TAP LG NAT TBL LAMP DRUM SHADE,Arhaus,Lighting,https://upload.wikimedia.org/wikipedia/commons/3/3d/Arhaus_logo.jpg,$ 49 each,$150,1,,
SQUARE V6 NAT TBL LAMP SHADE,Arhaus,Lighting,https://upload.wikimedia.org/wikipedia/commons/3/3d/Arhaus_logo.jpg,$ 8 each,$25,4,,
SQUARE V6 NAT TBL LAMP SHADE,Arhaus,Lighting,https://upload.wikimedia.org/wikipedia/commons/3/3d/Arhaus_logo.jpg,$ 16 each,$50,26,,
SQUARE V4 NAT TBL LAMP SHADE,Arhaus,Lighting,https://upload.wikimedia.org/wikipedia/commons/3/3d/Arhaus_logo.jpg,$ 9 each,$28,26,,
SQUARE BRZ V4 TABLE LAMP BASE,Arhaus,Furniture,https://upload.wikimedia.org/wikipedia/commons/3/3d/Arhaus_logo.jpg,$ 32 each,$99,39,,
SPAR TABLE LAMP,Arhaus,Furniture,https://storage.googleapis.com/floorfound-prod-cdn/br_home/products/images/03a17224-1e86-40c8-98c3-0d494a57c4f9.jpg,$ 111 each,$340,34,,
RND ETCHED ANT BR WALL SCONCE,Arhaus,Lighting,https://cdn.shopify.com/s/files/1/0711/6419/9198/files/PerseusSconce-6002376-AntiqueBrass-OneSize-P01-tablet.jpg?v=1693597363,$ 162 each,$495,12,,
RECT NAT FLOOR LAMP SHADE,Arhaus,Lighting,https://upload.wikimedia.org/wikipedia/commons/3/3d/Arhaus_logo.jpg,$ 23 each,$70,27,,
RECT NAT FLOOR LAMP SHADE,Arhaus,Lighting,https://upload.wikimedia.org/wikipedia/commons/3/3d/Arhaus_logo.jpg,$ 49 each,$150,22,,
RECT BRZ FLOOR LAMP BASE,Arhaus,Lighting,https://upload.wikimedia.org/wikipedia/commons/3/3d/Arhaus_logo.jpg,$ 163 each,$497,27,,
RECT ANT BR FLOOR LAMP BASE,Arhaus,Lighting,https://upload.wikimedia.org/wikipedia/commons/3/3d/Arhaus_logo.jpg,$ 173 each,$527,22,,
RECLAIMED WOOD V5 WH FL BASE,Arhaus,Decor,https://upload.wikimedia.org/wikipedia/commons/3/3d/Arhaus_logo.jpg,$ 141 each,$430,14,,
RECLAIMED WOOD V5 NAT FL SHD,Arhaus,Decor,https://upload.wikimedia.org/wikipedia/commons/3/3d/Arhaus_logo.jpg,$ 16 each,$50,13,,
RECLAIMED WOOD V4 WH FL BASE,Arhaus,Decor,https://storage.googleapis.com/floorfound-prod-cdn/br_home/products/images/b9f15ea2-74f7-448e-98e3-96a22c9887d6.png,$ 82 each,$250,13,,
RECLAIMED WOOD V3 NAT FL SHD,Arhaus,Decor,https://upload.wikimedia.org/wikipedia/commons/3/3d/Arhaus_logo.jpg,$ 16 each,$50,4,,
RECLAIMED WOOD V3 BLK FL BASE,Arhaus,Decor,https://storage.googleapis.com/floorfound-prod-cdn/br_home/products/images/8b4407aa-7b11-4bb9-aa7e-0edb316276bf.jpg,$ 180 each,$550,3,,
RECLAIMED WOOD V2 WH FL BASE,Arhaus,Decor,https://upload.wikimedia.org/wikipedia/commons/3/3d/Arhaus_logo.jpg,$ 115 each,$350,5,,
RECLAIMED WOOD V2 NAT FL SHD,Arhaus,Decor,https://upload.wikimedia.org/wikipedia/commons/3/3d/Arhaus_logo.jpg,$ 16 each,$50,4,,
RECLAIMED WOOD V1 WH FL BASE,Arhaus,Decor,https://upload.wikimedia.org/wikipedia/commons/3/3d/Arhaus_logo.jpg,$ 242 each,$740,8,,
RECLAIM BLK WOOD TABLE LAMP BS,Arhaus,Furniture,https://upload.wikimedia.org/wikipedia/commons/3/3d/Arhaus_logo.jpg,$ 98 each,$300,4,,
NORA BLK LNR CHAND,Arhaus,Decor,https://storage.googleapis.com/floorfound-prod-cdn/br_home/products/images/08e28e38-f9b8-4f1f-90cb-eb7eddda8a0d.jpg,$ 327 each,"$1,000",5,,
"MIRZA BR 61"" CIRCLE CHAND",Arhaus,Mirrors,https://storage.googleapis.com/floorfound-prod-cdn/arhaus/products/images/e1342032-6ae0-4346-ad7f-d2d0c0f95bea.jpg,$ 458 each,"$1,400",5,,
"MIRZA BR 48"" CIRCLE CHAND",Arhaus,Mirrors,https://storage.googleapis.com/floorfound-prod-cdn/arhaus/products/images/9c490eb0-1a82-4960-b808-7c075067ff3e.jpg,$ 393 each,"$1,200",8,,
"MIRZA BR 47"" SPHERE CHAND",Arhaus,Mirrors,https://storage.googleapis.com/floorfound-prod-cdn/arhaus/products/images/a5241dc2-d629-43b1-8035-3c50c58da88d.png,$ 393 each,"$1,200",38,,
"MIRZA BLK 36"" RND CHAND",Arhaus,Mirrors,https://storage.googleapis.com/floorfound-prod-cdn/arhaus/products/images/83167c78-346f-4bd3-a836-c34466116fec.png,$ 164 each,$500,8,,
MARBLE TAUPE FLOOR LAMP BASE,Arhaus,Lighting,https://storage.googleapis.com/floorfound-prod-cdn/br_home/products/images/424a9036-d093-4447-a86b-9927b5a685d4.jpg,$ 295 each,$900,19,,
MARBLE TAUPE TABLE LAMP,Arhaus,Furniture,https://cdn.shopify.com/s/files/1/0711/6419/9198/files/Giulia_TableLamp_6002933_Taupe_F_ON-2-3mobile.jpg?v=1724451585,$ 260 each,$795,1,,
MARBLE OYSTER FLOOR LAMP SHADE,Arhaus,Lighting,https://upload.wikimedia.org/wikipedia/commons/3/3d/Arhaus_logo.jpg,$ 16 each,$50,22,,
MARBLE OYSTER FLOOR LAMP SHADE,Arhaus,Lighting,https://storage.googleapis.com/floorfound-prod-cdn/br_home/products/images/f4db41ea-ae95-41c8-88fa-834da9a04b7e.jpg,$ 33 each,$100,15,,
IRON WIRE BLK LAMP,Arhaus,Lighting,https://upload.wikimedia.org/wikipedia/commons/3/3d/Arhaus_logo.jpg,$ 262 each,$800,19,,
MARBLE CARRARA FLOOR LAMP BASE,Arhaus,Lighting,https://upload.wikimedia.org/wikipedia/commons/3/3d/Arhaus_logo.jpg,$ 409 each,"$1,250",25,,
"IRON WIRE 42"" BLK PEND",Arhaus,Decor,https://storage.googleapis.com/floorfound-prod-cdn/br_home/products/images/7d482b77-1cae-4e8f-9949-5cdbe3a5ad94.png,$ 164 each,$500,27,,
"IRON WIRE 52"" BLK PEND",Arhaus,Decor,https://storage.googleapis.com/floorfound-prod-cdn/br_home/products/images/0931c100-e16d-494e-b437-4122bbd5acc2.png,$ 213 each,$650,25,,
"IRON WIRE 37"" BLK PEND",Arhaus,Decor,https://storage.googleapis.com/floorfound-prod-cdn/br_home/products/images/43c2be74-f7c1-41cb-beb9-4d872c4b7ff0.jpg,$ 131 each,$400,7,,
"IRON WIRE 31"" BLK PEND",Arhaus,Decor,https://storage.googleapis.com/floorfound-prod-cdn/br_home/products/images/fbbba94d-b3a6-484f-9507-e4a8fdcda747.png,$ 196 each,$600,124,,
IRON WH PLASTER CHAND,Arhaus,Decor,https://upload.wikimedia.org/wikipedia/commons/3/3d/Arhaus_logo.jpg,$ 82 each,$250,9,,
IRON WH LNR CHAND,Arhaus,Decor,https://upload.wikimedia.org/wikipedia/commons/3/3d/Arhaus_logo.jpg,$ 293 each,$895,28,,
IRON WH CHAND,Arhaus,Decor,https://cdn.shopify.com/s/files/1/0711/6419/9198/files/Elena_Chandelier_6003221_White_F-1-3mobile.jpg?v=1724453168,$ 228 each,$695,21,,
IRON BLK CHAND,Arhaus,Decor,https://cdn.shopify.com/s/files/1/0711/6419/9198/files/Elena_Chandelier_6003221_Black_F-1-3mobile.jpg?v=1724453168,$ 228 each,$695,13,,
IRN ROCKET WHT/NAT FL LAMP SH,Arhaus,Lighting,https://upload.wikimedia.org/wikipedia/commons/3/3d/Arhaus_logo.jpg,$ 98 each,$50,16,,
IRN ROCKET WHT FLOOR LAMP BASE,Arhaus,Lighting,https://upload.wikimedia.org/wikipedia/commons/3/3d/Arhaus_logo.jpg,$ 196 each,$600,19,,
"FRIA BLK 48"" DOME PEND",Arhaus,Decor,https://storage.googleapis.com/floorfound-prod-cdn/arhaus/products/images/39ae9cc0-8495-4a96-8372-a7848ef1e525.jpg,$ 491 each,"$1,500",19,,
"FRIA BLK 36"" DOME PEND",Arhaus,Decor,https://storage.googleapis.com/floorfound-prod-cdn/arhaus/products/images/3f69fa2c-aad0-47c3-aa1d-5e0cfecd4ece.jpg,$ 327 each,"$1,000",39,,
"FRIA BLK 25"" DOME PEND",Arhaus,Decor,N/A,$ 229 each,$650,26,,
FORGED IRON V3 GRY LAMP BASE,Arhaus,Lighting,https://upload.wikimedia.org/wikipedia/commons/3/3d/Arhaus_logo.jpg,$ 82 each,$250,2,,
FORGED IRON V2 GRY FL SHADE,Arhaus,Decor,https://upload.wikimedia.org/wikipedia/commons/3/3d/Arhaus_logo.jpg,$ 16 each,$50,20,,
FORGED IRON V2 BLK FL BASE,Arhaus,Decor,https://upload.wikimedia.org/wikipedia/commons/3/3d/Arhaus_logo.jpg,$ 164 each,$500,17,,
FORGED IRON V1 GRY FL SHADE,Arhaus,Decor,N/A,$ 16 each,$50,14,,
FORGED IRON V1 BLK FL BASE,Arhaus,Decor,https://storage.googleapis.com/floorfound-prod-cdn/br_home/products/images/029bb407-b9a0-42e3-9216-5c54e7b3e782.jpg,$ 164 each,$500,6,,
FORGED IRN V2 NAT TBL LMP SH,Arhaus,Decor,https://upload.wikimedia.org/wikipedia/commons/3/3d/Arhaus_logo.jpg,$ 16 each,$50,15,,
FORGED IRN V2 BLK TBL LMP BASE,Arhaus,Decor,https://upload.wikimedia.org/wikipedia/commons/3/3d/Arhaus_logo.jpg,$ 115 each,$350,15,,
FORGED IRN NAT TBL LMP SH,Arhaus,Decor,https://upload.wikimedia.org/wikipedia/commons/3/3d/Arhaus_logo.jpg,$ 16 each,$50,27,,
FORGED IRN BLK TBL LMP BASE,Arhaus,Decor,https://upload.wikimedia.org/wikipedia/commons/3/3d/Arhaus_logo.jpg,$ 115 each,$350,28,,
ESTELLE NAT FL SHD,Arhaus,Decor,https://upload.wikimedia.org/wikipedia/commons/3/3d/Arhaus_logo.jpg,$ 6 each,N/A,32,,
ESTELLE NAT FL BASE,Arhaus,Decor,https://upload.wikimedia.org/wikipedia/commons/3/3d/Arhaus_logo.jpg,$ 65 each,N/A,34,,
DOUGHLAS V3 BLACK LAMP SHADE,Arhaus,Lighting,https://upload.wikimedia.org/wikipedia/commons/3/3d/Arhaus_logo.jpg,$ 52 each,$160,19,,
DOUGHLAS V3 BLACK LAMP BASE,Arhaus,Lighting,https://upload.wikimedia.org/wikipedia/commons/3/3d/Arhaus_logo.jpg,$ 190 each,$580,20,,
DOUGHLAS V2 BLACK LAMP SHADE,Arhaus,Lighting,https://upload.wikimedia.org/wikipedia/commons/3/3d/Arhaus_logo.jpg,$ 41 each,$125,13,,
DOUGHLAS V2 BLACK LAMP BASE,Arhaus,Lighting,https://upload.wikimedia.org/wikipedia/commons/3/3d/Arhaus_logo.jpg,$ 115 each,$350,14,,
DOUGHLAS V1 BLACK LAMP SHADE,Arhaus,Lighting,https://upload.wikimedia.org/wikipedia/commons/3/3d/Arhaus_logo.jpg,$ 49 each,$150,15,,
CONNIE OYSTER TABLE LAMP,Arhaus,Furniture,https://storage.googleapis.com/floorfound-prod-cdn/arhaus/products/images/b6061f6e-686f-4109-a789-33928475f47b.png,$ 213 each,$650,32,,
DOUGHLAS V1 BLACK LAMP BASE,Arhaus,Lighting,https://upload.wikimedia.org/wikipedia/commons/3/3d/Arhaus_logo.jpg,$ 151 each,$460,16,,
CONNIE OYSTER FLOOR LAMP BASE,Arhaus,Lighting,https://storage.googleapis.com/floorfound-prod-cdn/br_home/products/images/db135f60-6b10-4735-bd00-bcd1322f58f2.jpg,$ 33 each,$100,13,,
CONNIE OYSTER FLOOR LAMP SHADE,Arhaus,Lighting,https://upload.wikimedia.org/wikipedia/commons/3/3d/Arhaus_logo.jpg,$ 220 each,$671,15,,
CELIA NAT LAMP BASE,Arhaus,Lighting,https://upload.wikimedia.org/wikipedia/commons/3/3d/Arhaus_logo.jpg,$ 115 each,$350,24,,
CELIA NAT LAMP SH,Arhaus,Lighting,https://upload.wikimedia.org/wikipedia/commons/3/3d/Arhaus_logo.jpg,$ 16 each,$50,1,,
CAST MET V2 BRZ TBL LAMP BASE,Arhaus,Lighting,https://upload.wikimedia.org/wikipedia/commons/3/3d/Arhaus_logo.jpg,$ 98 each,$300,28,,
CAST MET V2 NAT TABLE LAMP SH,Arhaus,Furniture,https://upload.wikimedia.org/wikipedia/commons/3/3d/Arhaus_logo.jpg,$ 33 each,$100,26,,
CAST MET V1 ANT BR TBL LAMP BS,Arhaus,Lighting,https://upload.wikimedia.org/wikipedia/commons/3/3d/Arhaus_logo.jpg,$ 98 each,$300,23,,
CAST MET V1 NAT TABLE LAMP SH,Arhaus,Furniture,https://upload.wikimedia.org/wikipedia/commons/3/3d/Arhaus_logo.jpg,$ 33 each,$100,23,,
CARINA BLK FL LAMP BASE,Arhaus,Lighting,https://upload.wikimedia.org/wikipedia/commons/3/3d/Arhaus_logo.jpg,$ 98 each,$300,13,,
CARINA BLK FL LAMP BASE,Arhaus,Lighting,https://upload.wikimedia.org/wikipedia/commons/3/3d/Arhaus_logo.jpg,$ 65 each,$200,14,,
BONNET WOOD/BR FLOOR LAMP SH,Arhaus,Lighting,https://upload.wikimedia.org/wikipedia/commons/3/3d/Arhaus_logo.jpg,$ 16 each,$50,24,,
CARARRA TABLE LAMP,Arhaus,Furniture,https://storage.googleapis.com/floorfound-prod-cdn/br_home/products/images/8a8efba3-540b-4305-8a0e-8c13bcdfc2e3.jpg,$ 550 each,"$1,680",32,,
BONNET WOOD/BR FLOOR LAMP BASE,Arhaus,Lighting,https://storage.googleapis.com/floorfound-prod-cdn/br_home/products/images/1823c287-aa02-4d67-881c-690c52a66b21.jpg,$ 68 each,$207,41,,
BONNET WOOD TL W BWN SH,Arhaus,Decor,https://cdn.shopify.com/s/files/1/0711/6419/9198/files/RocioTableLamp-6002200-Brown-OneSize-P01-tablet-1.jpg?v=1697835100,$ 68 each,$207,42,,
BONNET WOOD TL W BLK SH,Arhaus,Decor,https://cdn.shopify.com/s/files/1/0711/6419/9198/files/RocioTableLamp-6002199-Brown-OneSize-P01-tablet-1.jpg?v=1697835108,$ 68 each,$207,10,,
BONNET MRB/BR FLOOR LAMP SH,Arhaus,Lighting,https://upload.wikimedia.org/wikipedia/commons/3/3d/Arhaus_logo.jpg,$ 49 each,$150,19,,
BONNET MRB/BR FLOOR LAMP BASE,Arhaus,Lighting,N/A,$ 327 each,"$1,000",44,,
ASTRID PENDANT,Arhaus,Lighting,https://storage.googleapis.com/floorfound-prod-cdn/br_home/products/images/47094f49-91f7-4f5a-a771-3f4af0a3802b.jpg,$ 98 each,$300,10,,
BONNET MARBLE TL W BR/BLK SH,Arhaus,Decor,https://cdn.shopify.com/s/files/1/0711/6419/9198/files/Bonnet_TableLamp_6002198_WhiteMarble_F-1-3mobile.jpg?v=1724451551,$ 88 each,$268,12,,
ANTIQUE V4 BR SQ TBL LAMP BASE,Arhaus,Lighting,https://upload.wikimedia.org/wikipedia/commons/3/3d/Arhaus_logo.jpg,$ 27 each,$82,6,,
ANTIQUE V4 NAT TBL LAMP SHADE,Arhaus,Lighting,https://upload.wikimedia.org/wikipedia/commons/3/3d/Arhaus_logo.jpg,$ 16 each,$50,5,,
ANTIQUE BRASS MED CHAND,Arhaus,Decor,https://storage.googleapis.com/floorfound-prod-cdn/br_home/products/images/07a8e114-9edc-42a1-855b-dc1f4bb41f81.jpg,$ 91 each,$278,4,,
ANTIQUE BRASS LG CHAND,Arhaus,Decor,https://storage.googleapis.com/floorfound-prod-cdn/br_home/products/images/cc82519a-809d-4eeb-b97a-e9eb2b158873.jpg,$ 98 each,$298,13,,
ACACIA WOOD NAT TBL LAMP BASE,Arhaus,Lighting,https://upload.wikimedia.org/wikipedia/commons/3/3d/Arhaus_logo.jpg,$ 16 each,$50,10,,
ACACIA WD NAT TBL LMP SH,Arhaus,Decor,https://upload.wikimedia.org/wikipedia/commons/3/3d/Arhaus_logo.jpg,$ 2 each,N/A,27,,
UPHOLSTERED ARM CHAIR OYSTER,Arhaus,Furniture,https://upload.wikimedia.org/wikipedia/commons/3/3d/Arhaus_logo.jpg,$ 149 each,$500,3,,
TURIN SLPCVR SD CHR SAND LINEN,Arhaus,Decor,https://upload.wikimedia.org/wikipedia/commons/3/3d/Arhaus_logo.jpg,$ 104 each,$350,2,,
TURIN SLPCVR ARCHR WHITE LINEN,Arhaus,Decor,https://storage.googleapis.com/floorfound-prod-cdn/br_home/products/images/170d9d96-d76a-4f71-9e42-8a7fc765ddb9.jpg,$ 238 each,$799,62,,
TURIN SLPCVR ARCHR TAUPE LINEN,Arhaus,Decor,https://cdn.shopify.com/s/files/1/0711/6419/9198/files/ASlipcovered_DiningChair_6002557_ALinen_Taupe_TQ-1-2tablet.jpg?v=1709937523,$ 175 each,$590,12,,
TURIN SLPCVR ARCHR STORM LINEN,Arhaus,Decor,https://cdn.shopify.com/s/files/1/0711/6419/9198/files/ASlipcovered_DiningChair_6002557_ALinen_Storm_TQ-1-2tablet.jpg?v=1709937523,$ 172 each,$580,22,,
TURIN SLPCVR ARCHR SAND LINEN,Arhaus,Decor,https://upload.wikimedia.org/wikipedia/commons/3/3d/Arhaus_logo.jpg,$ 178 each,$600,20,,
TURIN SLP SD CHR WHITE LINEN,Arhaus,Decor,https://storage.googleapis.com/floorfound-prod-cdn/br_home/products/images/c289efac-96ef-441d-9fd9-0b5aa9a6e43c.jpg,$ 238 each,$799,18,,
TURIN SLP SD CHR TAUPE LINEN,Arhaus,Decor,https://cdn.shopify.com/s/files/1/0711/6419/9198/files/ASlipcovered_DiningChair_6002558_ALinen_Taupe_TQ-1-2tablet.jpg?v=1709937483,$ 164 each,$550,22,,
TURIN SLP SD CHR STORM LINEN,Arhaus,Decor,https://cdn.shopify.com/s/files/1/0711/6419/9198/files/ASlipcovered_DiningChair_6002558_ALinen_Storm_TQ-1-2tablet.jpg?v=1709937483,$ 161 each,$540,28,,
TUCSON 19 LTH SDCHR SADDLE BRN,Arhaus,Decor,https://cdn.shopify.com/s/files/1/0711/6419/9198/files/SausalitoSideChair-6002540-SaddleBrown-OneSize-P01-tablet.jpg?v=1697984245,$ 81 each,$274,11,,
SEVILLE 48 ROUND TBL TOP BLACK,Arhaus,Decor,N/A,$ 416 each,"$1,399",15,,
SEVILLE 48 RND TBL BS TRVRTN,Arhaus,Decor,N/A,$ 387 each,"$1,300",16,,
RIO SLPCVR SIDE CHR SAND LINEN,Arhaus,Decor,https://cdn.shopify.com/s/files/1/0711/6419/9198/files/ASlipcovered_DiningChair_6002554_ALinen_Sand_TQ-1-2tablet.jpg?v=1709937551,$ 161 each,$540,16,,
SAUSALITO 22 COUNTER STOOL BRN,Arhaus,Furniture,https://cdn.shopify.com/s/files/1/0711/6419/9198/files/SausalitoCounterStool-6002343-Brown-OneSize-P01-tablet.jpg?v=1697984242,$ 178 each,$599,25,,
RIO SLPCVR SD CHR TAUPE LINEN,Arhaus,Decor,https://cdn.shopify.com/s/files/1/0711/6419/9198/files/ASlipcovered_DiningChair_6002554_ALinen_Taupe_TQ-1-2tablet.jpg?v=1709831795,$ 149 each,$500,42,,
RIO SLPCVR SD CHR WHITE LINEN,Arhaus,Decor,https://storage.googleapis.com/floorfound-prod-cdn/br_home/products/images/28a34b8e-281e-4961-8d7c-adc5801efad5.jpg,$ 178 each,$599,25,,
RIO SLPCVR SD CHR STORM LINEN,Arhaus,Decor,https://cdn.shopify.com/s/files/1/0711/6419/9198/files/ASlipcovered_DiningChair_6002554_ALinen_Storm_TQ-1-2tablet.jpg?v=1709937551,$ 155 each,$520,24,,
PAXTON 96 TABLE TOP NATURAL,Arhaus,Furniture,https://upload.wikimedia.org/wikipedia/commons/3/3d/Arhaus_logo.jpg,$ 268 each,$900,1,,
PAXTON 96 TABLE BASE NATURAL,Arhaus,Furniture,https://upload.wikimedia.org/wikipedia/commons/3/3d/Arhaus_logo.jpg,$ 250 each,$840,1,,
OSLO SLPCVR ARM CHR SAND LINEN,Arhaus,Decor,https://cdn.shopify.com/s/files/1/0711/6419/9198/files/ASlipcovered_DiningChair_6002550_ALinen_Sand_TQ-1-3mobile.jpg?v=1722970190,$ 193 each,$650,26,,
OSLO SLPCVR ARCHR WHITE LINEN,Arhaus,Decor,https://storage.googleapis.com/floorfound-prod-cdn/br_home/products/images/48dd5dca-6ba1-4b45-add8-62cf2590524a.jpg,$ 178 each,$600,84,,
OSLO SLPCVR ARCHR TAUPE LINEN,Arhaus,Decor,https://cdn.shopify.com/s/files/1/0711/6419/9198/files/ASlipcovered_DiningChair_6002550_ALinen_Taupe_TQ-1-2tablet.jpg?v=1722970190,$ 178 each,$600,21,,
OSLO SLPCVR ARCHR STORM LINEN,Arhaus,Decor,https://cdn.shopify.com/s/files/1/0711/6419/9198/files/ASlipcovered_DiningChair_6002550_ALinen_Storm_TQ-1-2tablet.jpg?v=1709842997,$ 181 each,$610,35,,
LONDON SLPCVR ARCHR SAND LINEN,Arhaus,Decor,https://cdn.shopify.com/s/files/1/0711/6419/9198/files/ASlipcovered_DiningChair_6002549_ALinen_Sand_TQ-1-2tablet.jpg?v=1725478109,$ 205 each,$690,27,,
LONDON SLP AR CHR WHITE LINEN,Arhaus,Decor,https://cdn.shopify.com/s/files/1/0711/6419/9198/files/ASlipcovered_DiningChair_6002549_ALinen_White_TQ-1-2tablet.jpg?v=1725478109,$ 178 each,$600,80,,
LONDON SLP AR CHR TAUPE LINEN,Arhaus,Decor,https://cdn.shopify.com/s/files/1/0711/6419/9198/files/ASlipcovered_DiningChair_6002549_ALinen_Taupe_TQ-1-3mobile.jpg?v=1725478109,$ 196 each,$660,16,,
LONDON SLP AR CHR STORM LINEN,Arhaus,Decor,https://cdn.shopify.com/s/files/1/0711/6419/9198/files/ASlipcovered_DiningChair_6002549_ALinen_Storm_TQ-1-2tablet.jpg?v=1725478109,$ 193 each,$650,33,,
LEATHER 54 COUNTER STOOL BROWN,Arhaus,Furniture,https://upload.wikimedia.org/wikipedia/commons/3/3d/Arhaus_logo.jpg,$ 178 each,$600,1,,
JUNO SLPCVR SD CHR WHITE LINEN,Arhaus,Decor,https://upload.wikimedia.org/wikipedia/commons/3/3d/Arhaus_logo.jpg,$ 178 each,$599,14,,
JUNO SLPCVR SD CHR TAUPE LINEN,Arhaus,Decor,https://cdn.shopify.com/s/files/1/0711/6419/9198/files/ASlipcovered_DiningChair_6002556_ALinen_Taupe_TQ-1-2tablet.jpg?v=1725478458,$ 164 each,$550,39,,
JUNO SLPCVR SD CHR STORM LINEN,Arhaus,Decor,https://cdn.shopify.com/s/files/1/0711/6419/9198/files/ASlipcovered_DiningChair_6002556_ALinen_Storm_TQ-1-2tablet.jpg?v=1725478458,$ 104 each,$350,43,,
JUNO SLPCVR ARM CHR SAND LINEN,Arhaus,Decor,https://cdn.shopify.com/s/files/1/0711/6419/9198/files/ASlipcovered_DiningChair_6002555_ALinen_Sand_TQ-1-2tablet.jpg?v=1722969840,$ 193 each,$650,36,,
JUNO SLPCVR ARCHR WHITE LINEN,Arhaus,Decor,https://storage.googleapis.com/floorfound-prod-cdn/br_home/products/images/7141524a-884b-4fc7-88c9-62ccf4a3c2db.jpg,$ 238 each,$799,19,,
JUNO SLPCVR ARCHR TAUPE LINEN,Arhaus,Decor,https://cdn.shopify.com/s/files/1/0711/6419/9198/files/ASlipcovered_DiningChair_6002555_ALinen_Taupe_TQ-1-2tablet.jpg?v=1709843123,$ 193 each,$650,46,,
JUNO SLPCVR ARCHR STORM LINEN,Arhaus,Decor,https://cdn.shopify.com/s/files/1/0711/6419/9198/files/ASlipcovered_DiningChair_6002555_ALinen_Storm_TQ-1-2tablet.jpg?v=1709843123,$ 193 each,$650,45,,
HUDSON 60 TABLE BASE IN BLACK,Arhaus,Furniture,https://upload.wikimedia.org/wikipedia/commons/3/3d/Arhaus_logo.jpg,$ 238 each,$800,28,,
HUDSON 60 ROUND TBL TOP BLACK,Arhaus,Decor,https://upload.wikimedia.org/wikipedia/commons/3/3d/Arhaus_logo.jpg,$ 446 each,"$1,499",28,,
"ESSEX 92"" TABLE TOP IN BLACK",Arhaus,Furniture,https://storage.googleapis.com/floorfound-prod-cdn/br_home/products/images/ebee56b3-eec7-44e8-bf95-6f4a14cc2afb.jpg,$ 161 each,$540,29,,
"ESSEX 92"" TABLE BASE IN BLACK",Arhaus,Furniture,https://storage.googleapis.com/floorfound-prod-cdn/br_home/products/images/cf1ce14b-e250-41c7-8e53-c6ee2957bcb3.jpg,$ 86 each,$290,23,,
ESSEX 110 TABLE TOP IN BLACK,Arhaus,Furniture,https://upload.wikimedia.org/wikipedia/commons/3/3d/Arhaus_logo.jpg,$ 378 each,"$1,270",11,,
ESSEX 110 TABLE BASE IN BLACK,Arhaus,Furniture,https://upload.wikimedia.org/wikipedia/commons/3/3d/Arhaus_logo.jpg,$ 178 each,$600,13,,
ENZO 23 UPH ARM CHR OYSTER,Arhaus,Decor,https://storage.googleapis.com/floorfound-prod-cdn/br_home/products/images/4e98c82a-9f6b-4962-80fc-60f7207ff5b0.jpg,$ 134 each,$450,11,,
DEZANA 20 UPH SD CHR OYSTER,Arhaus,Decor,https://cdn.shopify.com/s/files/1/0711/6419/9198/files/Dezana_DiningChair_6002811_Oyster_TQ-1-2tablet.jpg?v=1708704212,$ 104 each,$350,64,,
CHICAGO SLP AR CHR WHITE LINEN,Arhaus,Decor,https://storage.googleapis.com/floorfound-prod-cdn/br_home/products/images/20757447-e96d-4c6c-b5c3-4d06807b7376.jpg,$ 164 each,$550,64,,
CHICAGO SLP AR CHR TAUPE LINEN,Arhaus,Decor,https://upload.wikimedia.org/wikipedia/commons/3/3d/Arhaus_logo.jpg,$ 178 each,$600,14,,
CHICAGO SLP AR CHR STORM LINEN,Arhaus,Decor,https://upload.wikimedia.org/wikipedia/commons/3/3d/Arhaus_logo.jpg,$ 172 each,$580,32,,
CALISTOGA 23 COUNTER STOOL BLK,Arhaus,Furniture,https://storage.googleapis.com/floorfound-prod-cdn/br_home/products/images/94acb184-939d-43d3-9322-81056f8d982f.jpg,$ 164 each,$550,5,,
BANY 25.6 UPH ARM CHR OYSTR,Arhaus,Decor,https://upload.wikimedia.org/wikipedia/commons/3/3d/Arhaus_logo.jpg,$ 119 each,$400,9,,
TUSCANY KING BED HB TAN LTH,Arhaus,Furniture,https://storage.googleapis.com/floorfound-prod-cdn/br_home/products/images/11396f6d-b555-4823-a02a-084fa979ea25.jpg,$ 637 each,"$1,344",4,,
TUSCANY KING BD SLTS TAN LTH,Arhaus,Decor,https://upload.wikimedia.org/wikipedia/commons/3/3d/Arhaus_logo.jpg,$ 71 each,$150,3,,
TUSCANY KG BD SD RAIL TAN LTH,Arhaus,Decor,https://storage.googleapis.com/floorfound-prod-cdn/br_home/products/images/94cc4d8d-b504-42c1-9efa-0b80159d4dd7.jpg,$ 118 each,$250,5,,
TUSCANY CAL KG SD RAIL TAN LTH,Arhaus,Decor,https://upload.wikimedia.org/wikipedia/commons/3/3d/Arhaus_logo.jpg,$ 142 each,$300,7,,
TUSCANY CAL KG BED HB TAN LTH,Arhaus,Furniture,https://upload.wikimedia.org/wikipedia/commons/3/3d/Arhaus_logo.jpg,$ 971 each,"$2,050",8,,
TUSCANY CAL KG BD SLTS TAN LTH,Arhaus,Decor,https://upload.wikimedia.org/wikipedia/commons/3/3d/Arhaus_logo.jpg,$ 71 each,$150,7,,
KEENE QUEEN BED HB BROWN LTH,Arhaus,Furniture,https://upload.wikimedia.org/wikipedia/commons/3/3d/Arhaus_logo.jpg,$ 440 each,$928,4,,
"SEDONA 56"" BENCH IN OYSTER",Arhaus,Furniture,https://storage.googleapis.com/floorfound-prod-cdn/br_home/products/images/0c8481aa-c533-4e77-adeb-a1b47cbdf7bc.jpg,$ 616 each,"$1,300",17,,
KEENE KING BED HB BROWN LTH,Arhaus,Furniture,https://storage.googleapis.com/floorfound-prod-cdn/br_home/products/images/50958a9d-edb4-4376-a1ef-c73749f75dac.jpg,$ 467 each,$986,4,,
KEENE QUEEN BED FB BROWN LTH,Arhaus,Furniture,https://upload.wikimedia.org/wikipedia/commons/3/3d/Arhaus_logo.jpg,$ 592 each,"$1,250",4,,
KEENE CAL KG BED HB BROWN LTH,Arhaus,Furniture,https://upload.wikimedia.org/wikipedia/commons/3/3d/Arhaus_logo.jpg,$ 467 each,$986,1,,
KEENE KING BED FB BROWN LTH,Arhaus,Furniture,https://storage.googleapis.com/floorfound-prod-cdn/br_home/products/images/7b83bfa4-e643-48c0-977d-f8099668c75e.jpg,$ 357 each,$754,3,,
IDRIS KING BED SD RAIL EBONY,Arhaus,Furniture,https://upload.wikimedia.org/wikipedia/commons/3/3d/Arhaus_logo.jpg,$ 237 each,$500,3,,
IDRIS KING BED HB/FB EBONY,Arhaus,Furniture,https://upload.wikimedia.org/wikipedia/commons/3/3d/Arhaus_logo.jpg,$ 237 each,$500,3,,
DUTTON CNPY QN BED TP VTG TEAK,Arhaus,Furniture,https://upload.wikimedia.org/wikipedia/commons/3/3d/Arhaus_logo.jpg,$ 164 each,N/A,16,,
DUTTON CNPY QN BED HB VTG TEAK,Arhaus,Furniture,https://upload.wikimedia.org/wikipedia/commons/3/3d/Arhaus_logo.jpg,$ 168 each,N/A,18,,
DUTTON CNPY QN BED FB VTG TEAK,Arhaus,Furniture,https://upload.wikimedia.org/wikipedia/commons/3/3d/Arhaus_logo.jpg,$ 164 each,N/A,18,,
DUTTON CNPY KG BED TP VTG TEAK,Arhaus,Furniture,https://upload.wikimedia.org/wikipedia/commons/3/3d/Arhaus_logo.jpg,$ 175 each,N/A,10,,
DUTTON CNPY KG BED HB VTG TEAK,Arhaus,Furniture,https://upload.wikimedia.org/wikipedia/commons/3/3d/Arhaus_logo.jpg,$ 176 each,N/A,10,,
DUTTON CNPY KG BED FB VTG TEAK,Arhaus,Furniture,https://upload.wikimedia.org/wikipedia/commons/3/3d/Arhaus_logo.jpg,$ 171 each,N/A,10,,
DUTTON CNPY CAL KG VNTG TEAK,Arhaus,Decor,https://upload.wikimedia.org/wikipedia/commons/3/3d/Arhaus_logo.jpg,$ 184 each,N/A,8,,
DUTTON CNPY CAL KG TP VTG TEAK,Arhaus,Decor,https://upload.wikimedia.org/wikipedia/commons/3/3d/Arhaus_logo.jpg,$ 184 each,N/A,9,,
DUTTON CNPY CAL KG HB VTG TEAK,Arhaus,Decor,https://upload.wikimedia.org/wikipedia/commons/3/3d/Arhaus_logo.jpg,$ 186 each,N/A,9,,
VELLA BOWL 2 TONE,Arhaus,Decor,https://cdn.shopify.com/s/files/1/0711/6419/9198/files/Vella_TabletopVase_6003005_White_F-1-2tablet.jpg?v=1707860395,$ 24 each,$100,7,,
VELLA TALL VASE 2 TONE,Arhaus,Decor,https://cdn.shopify.com/s/files/1/0711/6419/9198/files/Vella_TabletopVase_6003006_White_F-1-3mobile.jpg?v=1725392901,$ 24 each,$100,10,,
TOUREG MILK BOWL EBONY,Arhaus,Decor,https://cdn.shopify.com/s/files/1/0711/6419/9198/files/Hannah_CenterpieceBowl_6002269_Black_Small_F_CC-1-3mobile.jpg?v=1721842559,$ 85 each,$350,80,,
TOUREG MILK BOWL NAT,Arhaus,Decor,https://cdn.shopify.com/s/files/1/0711/6419/9198/files/Hannah_CenterpieceBowl_6002269_Natural_Small_F-1-2tablet.jpg?v=1721842557,$ 85 each,$350,76,,
STONE ON MARBLE BASE NAT,Arhaus,Decor,https://upload.wikimedia.org/wikipedia/commons/3/3d/Arhaus_logo.jpg,$ 36 each,$150,78,,
SCULPTURE 5 EBONY,Arhaus,Decor,https://storage.googleapis.com/floorfound-prod-cdn/br_home/products/images/59b0080e-7e12-402f-951c-5fd2cee9a72f.jpg,$ 61 each,$250,2,,
SCULPTURE 3 WHITE PLASTER,Arhaus,Decor,https://cdn.shopify.com/s/files/1/0711/6419/9198/files/Andro_DecorativeObject_6003210_White_F-1-2tablet.jpg?v=1721842555,$ 39 each,$160,12,,
SCULPTURE 3 EBONY PLASTER,Arhaus,Decor,https://upload.wikimedia.org/wikipedia/commons/3/3d/Arhaus_logo.jpg,$ 49 each,$200,13,,
RESIN CANISTER BRWN,Arhaus,Decor,https://upload.wikimedia.org/wikipedia/commons/3/3d/Arhaus_logo.jpg,$ 17 each,$70,24,,
PAPER MACHE VASE 1 WHT SM,Arhaus,Decor,https://upload.wikimedia.org/wikipedia/commons/3/3d/Arhaus_logo.jpg,$ 46 each,$190,15,,
ORGANIC TRAY BRWN XLG,Arhaus,Decor,https://cdn.shopify.com/s/files/1/0711/6419/9198/files/Stavros_DecorativeObject_6002927_Brown_ExtraLarge_F-2-2tablet.jpg?v=1721842563,$ 36 each,$150,23,,
ORGANIC TRAY BRWN LG,Arhaus,Decor,https://storage.googleapis.com/floorfound-prod-cdn/br_home/products/images/bda38be4-4cb1-4687-b941-565e3a3a4e05.jpg,$ 49 each,$200,14,,
ORGANIC BOWL BRWN MED,Arhaus,Decor,https://upload.wikimedia.org/wikipedia/commons/3/3d/Arhaus_logo.jpg,$ 24 each,$100,28,,
ORGANIC BOWL BRWN LG,Arhaus,Decor,https://cdn.shopify.com/s/files/1/0711/6419/9198/files/Stavros_CenterpieceBowl_6002926_Brown_Large_F-1-2tablet.jpg?v=1721842557,$ 24 each,$100,18,,
MAHOGONY TORUS BOWL BRWN 26,Arhaus,Decor,https://storage.googleapis.com/floorfound-prod-cdn/br_home/products/images/80b69bd4-2e30-4e7f-bbed-3b37dcdd64f4.jpg,$ 61 each,$250,70,,
MAHOGONY TORUS BOWL BRWN 22,Arhaus,Decor,https://storage.googleapis.com/floorfound-prod-cdn/br_home/products/images/b9b40da7-cfe2-44a7-9fc2-988bf557e6ae.jpg,$ 73 each,$300,59,,
MAHOGONY TORUS BOWL BRWN 14,Arhaus,Decor,https://storage.googleapis.com/floorfound-prod-cdn/br_home/products/images/f2ba1fdf-47c4-4bcb-a7bd-31bff2866f27.jpg,$ 24 each,$100,34,,
MAHOGANY ASYMETRICAL BOWL,Arhaus,Decor,https://storage.googleapis.com/floorfound-prod-cdn/br_home/products/images/2160dd2b-5011-4159-8d32-47010565cf43.jpg,$ 78 each,$320,9,,
HANNAH TALL BOWL NAT 12,Arhaus,Decor,https://cdn.shopify.com/s/files/1/0711/6419/9198/files/Hannah_CenterpieceBowl_6003805_Natural_Medium_F-1-2tablet.jpg?v=1721842561,$ 61 each,$250,64,,
HANNAH TALL BOWL EBONY 12,Arhaus,Decor,https://cdn.shopify.com/s/files/1/0711/6419/9198/files/Hannah_CenterpieceBowl_6003805_Black_Medium_F_CC-1-2tablet.jpg?v=1721842559,$ 61 each,$250,76,,
FEDIA BOWL 1 TONE BLK,Arhaus,Decor,https://upload.wikimedia.org/wikipedia/commons/3/3d/Arhaus_logo.jpg,$ 22 each,$90,26,,
DECORATIVE TERRACOTTA BOWL BLK,Arhaus,Decor,https://storage.googleapis.com/floorfound-prod-cdn/br_home/products/images/96b73c6f-e654-452c-8d1d-b35f5c41518a.jpg,$ 51 each,$210,16,,
COWBELLS NAT,Arhaus,Decor,https://upload.wikimedia.org/wikipedia/commons/3/3d/Arhaus_logo.jpg,$ 24 each,$100,27,,
CALLIOPE SQ TRAY BLK 24,Arhaus,Decor,https://upload.wikimedia.org/wikipedia/commons/3/3d/Arhaus_logo.jpg,$ 85 each,$350,1,,
CALIXTA OVL HNDLE LOW BWL BRWN,Arhaus,Decor,https://cdn.shopify.com/s/files/1/0711/6419/9198/files/Plumosa_TabletopVase_6002983_Taupe_F-1-3mobile.jpg?v=1725386920,$ 24 each,$100,21,,
CALIXTA DBL HNDL TLL BRWN,Arhaus,Decor,https://cdn.shopify.com/s/files/1/0711/6419/9198/files/Plumosa_TabletopVase_6003455_Taupe_F-1-3mobile.jpg?v=1725385801,$ 36 each,$150,14,,
CALIXTA DANCY VASE BRWN,Arhaus,Decor,https://cdn.shopify.com/s/files/1/0711/6419/9198/files/Plumosa_TabletopVase_6003457_Taupe_F-1-3mobile.jpg?v=1725385766,$ 12 each,$50,17,,
BRYNN WOODEN CARVED TRAY NAT,Arhaus,Decor,https://cdn.shopify.com/s/files/1/0711/6419/9198/files/BrynnWoodenCarvedTray-6002271-Natural-20_Lx8_W-P01-tablet.jpg?v=1697835629,$ 51 each,$210,21,,
BRONWEN POT BRWN,Arhaus,Decor,https://cdn.shopify.com/s/files/1/0711/6419/9198/files/Fedia_TabletopVase_6003007_Brown_F-1-3mobile_ecb71820-fa80-4f8c-82df-06cc31f5d35a.jpg?v=1707419366,$ 24 each,$100,2,,
BOWL W HNDLES WHT PLAST 30X26,Arhaus,Decor,https://storage.googleapis.com/floorfound-prod-cdn/br_home/products/images/0fb93550-43fc-4019-9ad1-c5d4c9897e1a.jpg,$ 85 each,$350,38,,
BOWL W HNDLES EBONY30X26,Arhaus,Decor,https://cdn.shopify.com/s/files/1/0711/6419/9198/files/AlexiOblongWoodBowl-6002226-Black-OneSize-P01-tablet-1.jpg?v=1696260323,$ 85 each,$350,84,,
BOWL W HANDLES WHTE PLASTER,Arhaus,Decor,https://cdn.shopify.com/s/files/1/0711/6419/9198/files/AlexiTrough-6002230-White-OneSize-P01-tablet.jpg?v=1697835611,$ 134 each,$550,26,,
BOWL W HANDLES EBONY 42X17,Arhaus,Decor,https://cdn.shopify.com/s/files/1/0711/6419/9198/files/AlexiWoodTrough-6002227-Black-OneSize-P01-tablet-1.jpg?v=1697835620,$ 146 each,$600,74,,
BOWL W HANDLES EBONY 17,Arhaus,Decor,https://storage.googleapis.com/floorfound-prod-cdn/br_home/products/images/ffd80ce6-73e3-4ed7-be7a-8c7254956027.jpg,$ 49 each,$200,5,,
ANTIQUE POT BLK WHT FN45J,Arhaus,Decor,https://upload.wikimedia.org/wikipedia/commons/3/3d/Arhaus_logo.jpg,$ 24 each,$100,20,,
ANTIQUE POT BLK WHT FN45H,Arhaus,Decor,https://cdn.shopify.com/s/files/1/0711/6419/9198/files/BecciaVase-6002535-Black_White-OneSize-P01-tablet.jpg?v=1695852257,$ 36 each,$150,58,,
ANTIQUE POT BLK WHT FN45F,Arhaus,Decor,https://upload.wikimedia.org/wikipedia/commons/3/3d/Arhaus_logo.jpg,$ 36 each,$150,33,,
ANTIQUE POT BLK WHT FN45E,Arhaus,Decor,https://cdn.shopify.com/s/files/1/0711/6419/9198/files/BecciaVase6002532TabletPO1.png?v=1695852245,$ 36 each,$150,36,,
ANTIQUE POT BLK WHT FN45D,Arhaus,Decor,https://cdn.shopify.com/s/files/1/0711/6419/9198/files/b18be51c.png?v=1695852264,$ 36 each,$150,17,,
ANTIQUE POT BLK WHT FN45C,Arhaus,Decor,https://upload.wikimedia.org/wikipedia/commons/3/3d/Arhaus_logo.jpg,$ 36 each,$150,48,,
ANTIQUE POT BLK WHT FN45B,Arhaus,Decor,https://cdn.shopify.com/s/files/1/0711/6419/9198/files/7a2aeb5a.png?v=1695852278,$ 36 each,$150,30,,
ANDROMEDA BOWL 2 WHT SM,Arhaus,Decor,https://upload.wikimedia.org/wikipedia/commons/3/3d/Arhaus_logo.jpg,$ 32 each,$130,6,,
ANDROMEDA BOWL 2 BLK SM,Arhaus,Decor,https://cdn.shopify.com/s/files/1/0711/6419/9198/files/Andromeda_CenterpieceBowl_6003219_White_F-2-2tablet.jpg?v=1721842565,$ 36 each,$150,7,,
ANDROMEDA BOWL 1 WHT LG,Arhaus,Decor,https://storage.googleapis.com/floorfound-prod-cdn/br_home/products/images/7b0e3c1b-7dc0-45dc-b0c3-8b84fe38e042.png,$ 39 each,$160,13,,
ANDROMEDA BOWL 1 BLK LG,Arhaus,Decor,https://upload.wikimedia.org/wikipedia/commons/3/3d/Arhaus_logo.jpg,$ 39 each,$160,15,,
2 EARTHWARE VASE HANDLE BLK,Arhaus,Decor,https://cdn.shopify.com/s/files/1/0711/6419/9198/files/Fedia_TabletopVase_6002979_Black_F-1-2tablet.jpg?v=1725385831,$ 5 each,$20,11,,
2 EARTHWARE TALL HANDLE BLK,Arhaus,Decor,https://cdn.shopify.com/s/files/1/0711/6419/9198/files/Fedia_TabletopVase_6002978_Black_F-1-3mobile.jpg?v=1725385852,$ 36 each,$150,25,,
2 EARTHWARE BWL HANDLES BLK,Arhaus,Decor,https://upload.wikimedia.org/wikipedia/commons/3/3d/Arhaus_logo.jpg,$ 22 each,$90,59,,
1 EARTHWARE BWL HANDLE WHITE,Arhaus,Decor,https://cdn.shopify.com/s/files/1/0711/6419/9198/files/Vella_TabletopVase_6002974_White_F-1-2tablet.jpg?v=1707751340,$ 12 each,$50,26,,
1 CERAMIC VASE WHITE,Arhaus,Decor,https://cdn.shopify.com/s/files/1/0711/6419/9198/files/Vella_TabletopVase_6002976_White_F-1-2tablet.jpg?v=1707752349,$ 24 each,$100,3,,