Name,Brand,Image URL,Price,MSRP,Units Available
,,,,,
Restore 1,Hatch Sleep,Restore 1,$20.00,$99.99,2049
Restore 1,Hatch Sleep,Restore 1,$20.00,$99.99,96
Restore 1,Hatch Sleep,Restore 1,$20.00,$99.99,842
Restore 1,Hatch Sleep,Restore 1,$20.00,$99.99,6064
Restore 2,Hatch Sleep,Restore 2,$34.00,$169.99,44
Restore 2,Hatch Sleep,Restore 2,$34.00,$169.99,80
Restore 2,Hatch Sleep,Restore 2,$34.00,$169.99,4425
Restore 2,Hatch Sleep,Restore 2,$34.00,$169.99,51
Restore 2,Hatch Sleep,Restore 2,$34.00,$169.99,207
Restore 2,Hatch Sleep,Restore 2,$34.00,$169.99,1223
Restore 2,Hatch Sleep,Restore 2,$34.00,$169.99,35
Restore 2,Hatch Sleep,Restore 2,$34.00,$169.99,278
Restore 3,Hatch Sleep,Restore 3,$34.00,$169.99,1275
