Name,Brand,,Image URL,Price,MSRP,Units Available
"Zyler Marble Side Table, Gold Base",Inspired Home,Furniture,http://images.salsify.com/image/upload/s--G3Y3ZVcm--/awiwxgzgvjvqwimtqhxg.jpg,$32.58,$181,1
"Zyler Marble Side Table, Black Base",Inspired Home,Furniture,http://images.salsify.com/image/upload/s--KQdmDTM2--/zxzomvyrwaycebrhv412.jpg,$27.54,$153,1
"Monette Faux Linen Modular Armless Seat Sofa, Pink",Inspired Home,Furniture,http://images.salsify.com/image/upload/s--JjqN5cQ9--/qcrtzrw10bcaqzhwmq4z.jpg,$90.18,$501,1
"Monette Faux Linen Modular Armless Seat Sofa, Navy",Inspired Home,Furniture,http://images.salsify.com/image/upload/s--sHvBqAck--/f9u97j2c5txstl781p9s.jpg,$90.18,$501,3
"Monette Faux Linen Modular Left Arm Seat Sofa, Navy",Inspired Home,Furniture,http://images.salsify.com/image/upload/s--lQBTXT7k--/augct4yvjfseu5hgibwz.jpg,$94.50,$525,2
"Willington 3 Seat Button Tufted Velvet Sofa with Casters, Teal",Inspired Home,Furniture,http://images.salsify.com/image/upload/s--iRLvicO3--/lfbv1byna74ymdttedhd.jpg,$153.18,$851,1
"Monette Faux Linen Modular Ottoman, Navy",Inspired Home,Furniture,http://images.salsify.com/image/upload/s--_hkcZbat--/na59hh11uyjpeffhdwpz.jpg,$75.42,$419,1
"Ella Velvet Cube Storage Ottoman w/ Knob Chrome Nailhead Trim, Blush",Inspired Home,Furniture,http://images.salsify.com/image/upload/s--OzB78GUp--/w7vr4rdisr9imomsdjgn.jpg,$14.40,$80,1
"Giovanni Velvet Left Facing Chaise Sectional w/ Storage, Hunter Green",Inspired Home,Furniture,http://images.salsify.com/image/upload/s--et84JGbR--/yd7x5m1tgj0jqxfoahza.jpg,$288.54,"$1,603",2
"Daryl 4 door Sideboard with Gold Handle and Metal Frame in High Gloss Lacquer Finish, White",Inspired Home,Furniture,http://images.salsify.com/image/upload/s--M-HwoH1J--/coptlfckjmg2oobnhqhb.jpg,$145.62,$809,1
"Daryl 4 door Sideboard with Chrome Handle and Metal Frame in Veneer Finish, Ash Grey",Inspired Home,Furniture,http://images.salsify.com/image/upload/s--Em6WHY7r--/civdj5rw0rrwzall3j1n.jpg,$130.86,$727,1
"Belen 3 Door Sideboard with Gold Handle and Leg Tip, White",Inspired Home,Furniture,http://images.salsify.com/image/upload/s--IfJh1dH7--/e9hg9hajtyckpt2szhcr.jpg,$121.32,$674,1
"Belen 4 Door Sideboard with Gold Handle and Leg Tip, White",Inspired Home,Furniture,http://images.salsify.com/image/upload/s--CxeM-FlG--/vhmkk2afp1hkngvjhuk3.jpg,$129.60,$720,1
"Belen 3 Door Sideboard with Gold Handle and Leg Tip, Navy",Inspired Home,Furniture,http://images.salsify.com/image/upload/s--9GQSxMJs--/caujg9ho0n2lwviwtgyk.jpg,$114.48,$636,3
"Belen 4 Door Sideboard with Gold Handle and Leg Tip, Black",Inspired Home,Furniture,http://images.salsify.com/image/upload/s--0GzmwQZQ--/v6kikz6yyubvwhf5rshn.jpg,$152.64,$848,1
"Belen 2 Door Sideboard with Gold Handle and Leg Tip, Black",Inspired Home,Furniture,http://images.salsify.com/image/upload/s--jIYfG9kj--/zfqsuztrl1fdeugt9nfs.jpg,$90.72,$504,1
"Boucher Velvet Queen Bedframe with Tufted Headboard and Footboard, Grey",Inspired Home,Furniture,http://images.salsify.com/image/upload/s--aLvAXlh0--/sagxy3syhafan1z2cw81.jpg,$99.00,$550,1
"James 85"" Long Linen Biscuit Tufted Sofa Bed with Storage, Beige",Inspired Home,Furniture,http://images.salsify.com/image/upload/s--YkYLk23i--/j7po9wbypvjyofnjlxl7.jpg,$97.92,$544,1
"James 85"" Long Velvet Biscuit Tufted Sofa Bed with Storage, Navy",Inspired Home,Furniture,http://images.salsify.com/image/upload/s--Ai92Le7t--/dla5lypplpzlcthnukut.jpg,$95.94,$533,1
"Sean Velvet 3-Seat Sofa with Chrome Base, Navy",Inspired Home,Furniture,http://images.salsify.com/image/upload/s--uxqFGbGJ--/mthnnioh3doy3u3akhul.jpg,$151.56,$842,1
"Giovanni Velvet 3-Seat Sofa, Purple",Inspired Home,Furniture,http://images.salsify.com/image/upload/s--NrBCKKJZ--/jlofpnyg6z6ar24yu8sj.jpg,$151.92,$844,1
"Abdiel Faux Shagreen TV Stand with Gold Base, Cream White",Inspired Home,Furniture,http://images.salsify.com/image/upload/s--GiC3bdof--/bqoeu1brw03uuj4k7xol.jpg,$105.84,$588,1
"1 Drawer 1 Door High Gloss Finish Acrylic Knob and Leg Side Table, Light Grey",Inspired Home,Furniture,http://images.salsify.com/image/upload/s--DBTwPh-X--/s-122df010-c112-475c-9083-ebfcf82ff456.jpg,$41.04,$228,1
"Reyansh 4 Door Sideboard with Gold Base, Black",Inspired Home,Furniture,http://images.salsify.com/image/upload/s--DrZqOkS1--/gtiqejqgznh4h1l9zfey.jpg,$125.46,$697,1
"Reyansh 3 Door Sideboard with Chrome Base, Grey",Inspired Home,Furniture,http://images.salsify.com/image/upload/s--hWQSYMhX--/lpts6fn3kxjzx4qhno4p.jpg,$113.40,$630,2
"Milton Velvet Channel Tufted Chrome Nailhead Trim and Tip Club Chair, Black",Inspired Home,Furniture,http://images.salsify.com/image/upload/s--YOHRAhOa--/bzmhbylvvsc9zwhgsvza.jpg,$117.18,$651,1
"Axton Desk with 3 Drawers, Leather Handles and Black X-Leg, White",Inspired Home,Furniture,http://images.salsify.com/image/upload/s--0kOYo8D2--/n7c9dixatrlivzdp1ikc.jpg,$62.10,$345,1
"Bryanna L-Shaped Desk with Gold Legs, White",Inspired Home,Furniture,http://images.salsify.com/image/upload/s--qFhixEHO--/d5yuz6fvxtvn1xhj0lai.jpg,$58.14,$323,1
"Misael King Velvet Channel Tufted Wingback Platform Bed, Hunter Green",Inspired Home,Furniture,http://images.salsify.com/image/upload/s--Zl7tnP6z--/voyun5crwq0ospmbmmc2.jpg,$104.40,$580,1
"Misael King Velvet Channel Tufted Wingback Platform Bed, Grey",Inspired Home,Furniture,http://images.salsify.com/image/upload/s--GkgmGZHB--/k4y8l1jz16kxpirtc9qk.jpg,$104.40,$580,1
"Linen Upholstered Twin Platform Bed, Grey",Inspired Home,Furniture,http://images.salsify.com/image/upload/s--0tPAvrTd--/s-02599297-4f1f-4d40-a1d1-dc81192c76cb.jpg,$86.94,$483,2
"Linen Upholstered King Platform Bed, Grey",Inspired Home,Furniture,http://images.salsify.com/image/upload/s--iUr7K5l_--/s-b3c8a0bb-5ee9-43e0-bc29-265822070434.jpg,$106.56,$592,1
"Linen Upholstered King Platform Bed, Denim",Inspired Home,Furniture,http://images.salsify.com/image/upload/s--MQmPmFp3--/s-5ea296c8-4ade-4e03-b1d3-4727b98c836e.jpg,$108.54,$603,2
"Lesly Dining Table with Gold Leg and Acrylic Tips, Black",Inspired Home,Furniture,http://images.salsify.com/image/upload/s--42CcUkXU--/svtepr82ssofjksvmmmk.jpg,$119.88,$666,1
Inspired Home Veneer Dining Table | Walnut | Chrome Base | 70.8 Inches Long | Modern,Inspired Home,Furniture,http://images.salsify.com/image/upload/s--ukut1ZD9--/qayf4ck4kywfpme68hzl.jpg,$115.02,$639,1
"Vanderbilt Velvet Button Tufted Armless Dining Chair with Stainless Steel Gold Frame (Set of 2), Navy",Inspired Home,Furniture,http://images.salsify.com/image/upload/s--lqUl6fYk--/vubzv8oapgbd334ekfox.jpg,$95.76,$532,1
"Dalia PU Leather Dining Chair with Chrome Frame (Set of 2), Grey",Inspired Home,Furniture,http://images.salsify.com/image/upload/s--6_wcRxaE--/ylzo3yuvnoqbqvfknva0.jpg,$94.14,$523,2
"Dalia Velvet Dining Chair with Gold Frame (Set of 2), Navy",Inspired Home,Furniture,http://images.salsify.com/image/upload/s--gP2BtNF0--/fnrbjlsgvlyxqmgqq5h5.jpg,$94.14,$523,1
"Zyler Marble Coffee Table, Black Base",Inspired Home,Furniture,http://images.salsify.com/image/upload/s--C6sYcQmk--/kr9cn8yolo3fopn7tqwr.jpg,$82.98,$461,2
"Cale Coffee Table With Mirrored Top, Chrome",Inspired Home,Furniture,http://images.salsify.com/image/upload/s--3CnMMJSu--/eenhthwsg7houfrzixrs.jpg,$84.06,$467,1
"High Gloss 2 Drawers Coffee Table with Acrylic Legs and Chrome Stainless Steel Base, Dark Grey/Chrome",Inspired Home,Furniture,http://images.salsify.com/image/upload/s--T_xwjbBg--/s-76f5edfd-4ab0-4dc2-b17d-8776891c13d5.jpg,$88.20,$490,1
Malou Square White/Black Marble Top Nesting Coffee Table with Metal Base in Gold,Inspired Home,Furniture,http://images.salsify.com/image/upload/s--cRkmeWSs--/xeyfnob64usech1ytqgi.jpg,$98.28,$546,1
Irene Round White/Black Marble Top Nesting Coffee Table with Metal Base in Silver,Inspired Home,Furniture,http://images.salsify.com/image/upload/s--_yz9zb7i--/osesg2y8onwtvxed55dn.jpg,$99.54,$553,1
"Giovanni Velvet Left Facing Corner Sectional, Hunter Green",Inspired Home,Furniture,http://images.salsify.com/image/upload/s--2r15SPCU--/pyanleqxugjieol1vgfl.jpg,$296.10,"$1,645",2
"Giovanni Velvet Right Facing Corner Sectional, Grey",Inspired Home,Furniture,http://images.salsify.com/image/upload/s--pf00sODV--/inlnuyiqmjc7piehboeo.jpg,$291.78,"$1,621",1
"Anniston Velvet Club Chair with Gold Base, Hunter Green",Inspired Home,Furniture,http://images.salsify.com/image/upload/s--RIP4OS6---/icyylvqc4ijc4my8pdzu.jpg,$102.24,$568,1
"Rosalie Linen Swoop Arm Settee Bench with Nailhead Trim, Light Grey",Inspired Home,Furniture,http://images.salsify.com/image/upload/s--V5t6xKd5--/t3rxse3mgddfejmoojax.jpg,$82.08,$456,1
"Caliyah Upholstered Linen Queen Size Wingback Platform Bed, Light Beige",Inspired Home,Furniture,http://images.salsify.com/image/upload/s--BRfbd1dI--/d7auyzzzzjlj3kuf4gjl.jpg,$103.68,$576,1
"Kacie Upholstered Velvet King Size Wingback Platform Bed, Cream White",Inspired Home,Furniture,http://images.salsify.com/image/upload/s--b7kR6snn--/tutvft3mw4dif9z9m7fa.jpg,$112.14,$623,1
"Alanis Upholstered Velvet King Channel Tufted Bed with Acrylic Legs, Black",Inspired Home,Furniture,http://images.salsify.com/image/upload/s--fFTxwQU1--/qxac9y4aq2tehlcm9xjm.jpg,$105.12,$584,1
"Alanis Upholstered Velvet Twin XL Channel Tufted Bed with Acrylic Legs, Black",Inspired Home,Furniture,http://images.salsify.com/image/upload/s--x7QoHYQJ--/n8pnfihndstvi0ek7rp2.jpg,$87.84,$488,1
"Addalyn King Velvet Platform Bed with Gold Base, Navy",Inspired Home,Furniture,http://images.salsify.com/image/upload/s--ain5eCHS--/qu3cfwdoi2v72roembjd.jpg,$122.94,$683,1
"Addalyn Queen Velvet Platform Bed with Gold Base, Hunter Green",Inspired Home,Furniture,http://images.salsify.com/image/upload/s--ALiD6V9y--/gysyyprhcwpqm7p9h5bu.jpg,$112.86,$627,1
"Monroe Velvet Silver Nailhead Trim Queen Platform Bedframe, Navy",Inspired Home,Furniture,http://images.salsify.com/image/upload/s--eQ1s5bmf--/pqcl9gu90zvqap4azc2m.jpg,$105.66,$587,1
"Monroe PU Leather Silver Nailhead Trim Queen Platform Bedframe, Black",Inspired Home,Furniture,http://images.salsify.com/image/upload/s--_4FnuHMI--/udlfbllf0pswausfbw5a.jpg,$105.66,$587,3
"Dean Linen King Bedframe, Beige",Inspired Home,Furniture,http://images.salsify.com/image/upload/s--5sL_JLc_--/bxdipu6jvueoq3gjk1y2.jpg,$152.82,$849,1
"Bond Linen King Bedframe with Button Tufted Headboard, Beige",Inspired Home,Furniture,http://images.salsify.com/image/upload/s--e7AWtVZq--/lr0vnawinc4wjzb2igqd.jpg,$111.06,$617,1
"Bond Velvet Queen Bedframe with Button Tufted Headboard, Navy",Inspired Home,Furniture,http://images.salsify.com/image/upload/s--y5DxFhVE--/xkud1clxirfjwpiaanl2.jpg,$98.64,$548,1
"Brielle Velvet Tufted Dining Chair with Door Knob and Chrome Nailheads (Set of 2), Navy",Inspired Home,Furniture,http://images.salsify.com/image/upload/s--9sk9ioZI--/dag5wur3eypb831lmkoi.jpg,$57.24,$318,1
"Dalia Velvet Armless Dining Chair with Gold Frame (Set of 2), Navy",Inspired Home,Furniture,http://images.salsify.com/image/upload/s--vhzPR3T5--/i1p2bi2crtehs4bkjrvk.jpg,$89.46,$497,3
"Monette Faux Linen Modular Corner Seat Sofa, Pink",Inspired Home,Furniture,http://images.salsify.com/image/upload/s--c3sQPVoW--/tsshlkdc3jzbtzghlwwt.jpg,$94.50,$525,1
"Monette Faux Linen Modular Left Arm Seat Sofa, Cream White",Inspired Home,Furniture,http://images.salsify.com/image/upload/s--PUIL0OrF--/x3hivvwyvklolieyw7ji.jpg,$94.50,$525,2
"Monette Faux Linen Modular Corner Seat Sofa, Cream White",Inspired Home,Furniture,http://images.salsify.com/image/upload/s--RSbqfQO---/lznndddjzt1piocc47d2.jpg,$94.50,$525,1
"Giovanni Velvet Left Right Chaise Sectional w/ Storage, Navy",Inspired Home,Furniture,http://images.salsify.com/image/upload/s--Z0d1nZJj--/gq7yp6rgfmgxo87i4esz.jpg,$276.30,"$1,535",1
"Giovanni Velvet Left Right Chaise Sectional w/ Storage, Grey",Inspired Home,Furniture,http://images.salsify.com/image/upload/s--W-uaQiCD--/lcirp6ljilk7aet0oji8.jpg,$284.04,"$1,578",1
"Monette Faux Linen Modular Ottoman, Pink",Inspired Home,Furniture,http://images.salsify.com/image/upload/s--Ct-9ZdgL--/lbpkuu5vz4tlplhcykjg.jpg,$76.86,$427,1
"Giovanni Velvet Left Facing Chaise Sectional w/ Storage, Purple",Inspired Home,Furniture,http://images.salsify.com/image/upload/s--PGj8g5vV--/nu2fdetmawjrqsmi3b7o.jpg,$270.90,"$1,505",1
"Giovanni Velvet Left Facing Chaise Sectional w/ Storage, Grey",Inspired Home,Furniture,http://images.salsify.com/image/upload/s--fwJHGyAY--/bgonajrxnhfx767czwbb.jpg,$284.04,"$1,578",1
"Daryl 4 door Sideboard with Chrome Handle and Metal Frame in Veneer Finish, Ash Grey",Inspired Home,Furniture,http://images.salsify.com/image/upload/s--Em6WHY7r--/civdj5rw0rrwzall3j1n.jpg,$130.86,$727,2
"Bourreau Velvet Club Chair with Casters, Hunter Green",Inspired Home,Furniture,http://images.salsify.com/image/upload/s--WE3wclLQ--/ktvteq0dstxmcclc5pa1.jpg,$79.02,$439,1
"Daryl 4 door Sideboard with Gold Handle and Metal Frame in Veneer Finish, Ash Brown",Inspired Home,Furniture,http://images.salsify.com/image/upload/s--25ZWfPHV--/dhfhgtsawi8kmw7lp1py.jpg,$133.56,$742,1
"Willington Linen Button Tufted Club Chair with Casters, Light Grey",Inspired Home,Furniture,http://images.salsify.com/image/upload/s--nUFgSAqP--/ibg13piysjwwbifrd4pg.jpg,$99.18,$551,1
"Bourreau Velvet Club Chair with Casters, Grey",Inspired Home,Furniture,http://images.salsify.com/image/upload/s--V1_gDp5T--/qcz77dbv9blmbbk8pxzn.jpg,$79.02,$439,1
"Willington Velvet Button Tufted Club Chair with Casters, Hunter Green",Inspired Home,Furniture,http://images.salsify.com/image/upload/s--CCnVOrD5--/vgjx56jwnksldt19zaqp.jpg,$99.18,$551,1
"Willington Linen Button Tufted Club Chair with Casters, Beige",Inspired Home,Furniture,http://images.salsify.com/image/upload/s--LOq50Ifs--/bpltwx4vgv2siqoncrt6.jpg,$99.18,$551,1
"Boucher Velvet Twin Bedframe with Tufted Headboard and Footboard, Grey",Inspired Home,Furniture,http://images.salsify.com/image/upload/s--Gx3OkmRw--/ym9rapmjifk3qsji23tn.jpg,$85.68,$476,1
"Belrose Linen Queen Bedframe with Tufted Headboard, Beige",Inspired Home,Furniture,http://images.salsify.com/image/upload/s--ryNOru7R--/lh6mhbt6r8nusvsna1c4.jpg,$100.62,$559,1
"Lotte Velvet Button Tufted Square Tapered Leg Sofa, Sky Blue",Inspired Home,Furniture,http://images.salsify.com/image/upload/s--KTXqAyf4--/ovy8ibbifn8grncz7kbn.jpg,$146.52,$814,1
"Karlie Faux Fur Round Ottoman with Gold Ring, Blush",Inspired Home,Furniture,http://images.salsify.com/image/upload/s--0-8_WDSu--/ujrmij2cjokjrtky8dbj.jpg,$22.50,$125,1
Fiorella Velvet Octagon Cocktail Ottoman | Single Tufted | Chrome Nailhead Trim | Black,Inspired Home,Furniture,http://images.salsify.com/image/upload/s--08NErcuV--/mtzjqtxky3x7scz9hlwh.jpg,$58.14,$323,1
"Velvet Nesting Ottoman Set of 2 with Stainless Steel Polished Gold Frame, Green",Inspired Home,Furniture,http://images.salsify.com/image/upload/s--uSI7uVyc--/wkf7e7vkxjnftpjsuj6s.jpg,$59.58,$331,2
"70"" Marble Top Dining Table with Metal Legs in Silver, White/Silver",Inspired Home,Furniture,http://images.salsify.com/image/upload/s--OT6nsyZF--/s-be3242b3-0785-439d-8d0a-30ca940acf18.jpg,$127.80,$710,3
"90"" Marble Top Dining Table with Metal Legs in Silver, White/Silver",Inspired Home,Furniture,http://images.salsify.com/image/upload/s--WFjKECqK--/s-bfc7958d-8cab-4d06-981c-b0142a9d354f.jpg,$132.12,$734,1
"70"" Marble Top Dining Table with Metal Black Legs Silver Tip, White",Inspired Home,Furniture,http://images.salsify.com/image/upload/s--_j5aOmOJ--/s-fbcaf11d-8c85-432a-8d2f-bb53755b4eae.jpg,$111.42,$619,4
"Irina Clear Glass Round Top Coffee Table with Metal Frame, Silver",Inspired Home,Furniture,http://images.salsify.com/image/upload/s--9el_TmuG--/miv9s9zlrskozqk4c8zv.jpg,$90.18,$501,1
"Mandisa High Gloss Lacquer Finish Book Shelf with Polished Stainless Steel Gold Frame, White",Inspired Home,Furniture,http://images.salsify.com/image/upload/s--kMdlmE-e--/fhaqbwnxsqk0obzytdts.jpg,$92.88,$516,1
"Mandisa High Gloss Lacquer Finish Book Shelf with Polished Stainless Steel Gold Frame, Black",Inspired Home,Furniture,http://images.salsify.com/image/upload/s--OiLQ1tXb--/lcb6hnvgmngw6ap0d8rc.jpg,$91.26,$507,1
"Claude Velvet Button Tufted Bench with Gold Metal Pointy Legs, Navy",Inspired Home,Furniture,http://images.salsify.com/image/upload/s--egJIeIbj--/bqbm4emfcwhvqpxs59bx.jpg,$23.40,$130,1
Zavier Chrome Base Round Top C-Table Usb Plug Grey/Chrome,Inspired Home,Furniture,http://images.salsify.com/image/upload/s--OYjq2Udf--/vokaeupziki4lzftlrwe.jpg,$16.20,$90,1
Alder White Base C-Table | Magazine Holder | USB Port & Wall Plug | White/White,Inspired Home,Furniture,http://images.salsify.com/image/upload/s--VJJ7FtfP--/j3fldb1yxbnwx5fkper0.jpg,$14.94,$83,1
"Sparkle Jewelry Armoire Full Length Cheval Mirror, Elegant Black",Inspired Home,Furniture,http://images.salsify.com/image/upload/s--C8BKDylc--/ftg8uiyxjqij8bk4ejvq.jpg,$28.44,$158,1
"Inspired Home Linen Headboard King Size, Denim",Inspired Home,Furniture,https://ihd.cwa.sellercloud.com/images/products/HB33-03DNK/2bce65d7-e8d7-4ebd-a8b1-4b0e27c5213e.jpg,$75.60,$420,1
"Inspired Home Linen Headboard King Size, Charcoal",Inspired Home,Furniture,https://ihd.cwa.sellercloud.com/images/products/HB33-03CLK/8b3a6d67-1fd2-44d9-8d79-38168abd44f4.jpg,$75.60,$420,1
"Inspired Home Linen Headboard Queen Size, Grey",Inspired Home,Furniture,https://ihd.cwa.sellercloud.com/images/products/HB24-03LGQ/ab290966-6623-4fad-bd55-cfd2b944112e.jpg,$76.50,$425,1
"Marble Top End Table with Stainless Steel Gold Metal Base, White/Gold",Inspired Home,Furniture,http://images.salsify.com/image/upload/s--FBw1ebO9--/s-2a1363c1-710a-4748-936d-0e87fe576ced.jpg,$43.56,$242,4
Malou Square White/Black Marble Top Nesting End Table with Metal Base in Gold,Inspired Home,Furniture,http://images.salsify.com/image/upload/s--lHpiV8Ti--/rs4hl2jbufr8vwyavdam.jpg,$41.22,$229,1
Malou Square White/Black Marble Top Nesting End Table with Metal Base in Silver,Inspired Home,Furniture,http://images.salsify.com/image/upload/s--Tv6cXV0r--/cauumhz4qfj2dausxiky.jpg,$41.22,$229,4
Irene Round White/Black Marble Top Nesting End Table with Metal Base in Silver,Inspired Home,Furniture,http://images.salsify.com/image/upload/s--JsGt4UNw--/szsbmzkvrip293ryikns.jpg,$42.66,$237,3
Irene Round White/Yellow Marble Top Nesting End Table with Metal Base in Gold,Inspired Home,Furniture,http://images.salsify.com/image/upload/s--oO_1QX4P--/rzsgl1owtorvipfwycue.jpg,$42.66,$237,2
Inspired Home Veneer Dining Table | Walnut | Gold Base | 70.8 Inches Long | Modern,Inspired Home,Furniture,http://images.salsify.com/image/upload/s--iNdBrjza--/nhcujhj0nlzm1hsklren.jpg,$117.00,$650,1
"Christine Velvet Arm Dining Chair with Handle and Gold Leg (Set of 2), Blush",Inspired Home,Furniture,http://images.salsify.com/image/upload/s--s9tR6v-J--/mctpqkevxtrwula4xtnl.jpg,$91.44,$508,1
"Vanderbilt Velvet Button Tufted Armless Dining Chair with Stainless Steel Chrome Frame (Set of 2), Grey",Inspired Home,Furniture,http://images.salsify.com/image/upload/s--IL15Y2s8--/etwmq4yml4a1s7xe7euj.jpg,$87.30,$485,1
"Marilyn Linen Button Tufted Swoop Arm Acrylic Leg Dining Chair (Set of 2), Light Grey",Inspired Home,Furniture,http://images.salsify.com/image/upload/s--El8eTDPi--/ykgdhdwcche3vxmuudpa.jpg,$93.24,$518,3
"Marble Top Coffee Table with Stainless Steel Gold Metal Base, White/Gold",Inspired Home,Furniture,http://images.salsify.com/image/upload/s--GEACpQ6m--/s-7ba3c7d5-9324-47f3-8734-00f6dbe9fcae.jpg,$104.40,$580,5
"Marble Top Coffee Table with Stainless Steel Chrome Metal Base, White/Chrome",Inspired Home,Furniture,http://images.salsify.com/image/upload/s--P7ZqnV1s--/s-6b0be045-0bae-4ee0-9318-25545cb13db4.jpg,$98.28,$546,4
Malou Square White/Black Marble Top Nesting Coffee Table with Metal Base in Silver,Inspired Home,Furniture,http://images.salsify.com/image/upload/s--1Mq63gqf--/pm5mf7hrmxl4bbw2eee1.jpg,$98.28,$546,3
Irene Round White/Yellow Marble Top Nesting Coffee Table with Metal Base in Gold,Inspired Home,Furniture,http://images.salsify.com/image/upload/s--olu0kE59--/xzxqrqifdkydllt662jb.jpg,$99.54,$553,1
"Mattea Clear Glass Round Top Coffee Table with Metal Frame, Silver",Inspired Home,Furniture,http://images.salsify.com/image/upload/s--sKaqWzWU--/ilsst05jbcjgxh246veu.jpg,$92.52,$514,2
"Giovanni Velvet Right Facing Corner Sectional, Navy",Inspired Home,Furniture,http://images.salsify.com/image/upload/s--2xMBU0Vz--/zwgepryezrnqqdttxkd6.jpg,$291.78,"$1,621",1
"Giovanni Velvet Left Facing Corner Sectional, Grey",Inspired Home,Furniture,http://images.salsify.com/image/upload/s--mQI7OFdY--/xm5jteyefljjb9q8el8x.jpg,$291.78,"$1,621",1
"Giovanni Velvet Left Facing Corner Sectional, Navy",Inspired Home,Furniture,http://images.salsify.com/image/upload/s--H2rc3JYm--/cfvuie4lyyxa7julwwnx.jpg,$291.78,"$1,621",1
"High Gloss 2 Drawers Console Table with Acrylic Legs and Chrome Stainless Steel Base, Light Grey/Chrome",Inspired Home,Furniture,http://images.salsify.com/image/upload/s--AAdvd8-s--/s-b6619667-73a0-474e-9d39-ea5c30f8a5cd.jpg,$59.04,$328,1
"Kali High Gloss Lacquer Finish Bookshelf with Polished Stainless Steel Gold Frame, White",Inspired Home,Furniture,http://images.salsify.com/image/upload/s--kK9Yg0Hd--/xzebowuzieukf2pnbhez.jpg,$72.54,$403,2
"Galileo PU Leather Acrylic Shelf Bench, Cream White Croc",Inspired Home,Furniture,http://images.salsify.com/image/upload/s--DZzkY1mU--/m890w6xkyn9klx0tmlvr.jpg,$50.58,$281,1
"Nola Leather PU Barstool with Gold Base (set of 2), Black",Inspired Home,Furniture,http://images.salsify.com/image/upload/s--bcyddNxo--/xswa6l5qylswji6d0j7c.jpg,$54.36,$302,3
"Monroe Velvet Silver Nailhead Trim Twin Platform Bedframe, Navy",Inspired Home,Furniture,http://images.salsify.com/image/upload/s--cWNsvMON--/xacilnewnnfn6ng3nfys.jpg,$75.24,$418,1
"Monroe Velvet Silver Nailhead Trim King Platform Bedframe, Grey",Inspired Home,Furniture,http://images.salsify.com/image/upload/s--8HBKZU6Y--/ozdcnprp4rda4npt1rbi.jpg,$111.60,$620,1
"Monroe PU Leather Silver Nailhead Trim Twin Platform Bedframe, White",Inspired Home,Furniture,http://images.salsify.com/image/upload/s--pqkMFw4g--/bdtj82hymlmqop4kxlmt.jpg,$75.24,$418,1
"Monroe PU Leather Silver Nailhead Trim Queen Platform Bedframe, Espresso",Inspired Home,Furniture,http://images.salsify.com/image/upload/s--oypWDjes--/odpifl3dhurtbmwwmrj5.jpg,$104.76,$582,2
"Dean Linen Queen Bedframe, Grey",Inspired Home,Furniture,http://images.salsify.com/image/upload/s--I2BriwDi--/wqa2gzfl5mikps1kirkh.jpg,$110.88,$616,2
"Dean Linen Queen Bedframe, Denim Blue",Inspired Home,Furniture,http://images.salsify.com/image/upload/s--LfJNh11a--/q7sxn5ekducblcnpgnyp.jpg,$109.98,$611,1
"Dean Linen Queen Bedframe, Charcoal",Inspired Home,Furniture,http://images.salsify.com/image/upload/s--EnG3LB6---/gr3tlvsqrsvp6yyai5wy.jpg,$108.18,$601,3
"Dean Velvet Queen Bedframe, Navy",Inspired Home,Furniture,http://images.salsify.com/image/upload/s--lJhPZqFY--/jfiyfqdztwd5wugicleb.jpg,$137.88,$766,2
"Dean Velvet King Bedframe, Grey",Inspired Home,Furniture,http://images.salsify.com/image/upload/s--2ZR8ZgSA--/cgu6dev2x6jfyrjitvhf.jpg,$146.70,$815,2
"Inspired Home Velvet Platform Bed King Size, Navy",Inspired Home,Furniture,https://ihd.cwa.sellercloud.com/images/products/BD25-02NYK/938ba65a-1b04-4822-a360-033c2c9a1795.jpg,$126.72,$704,2
"Bond Velvet King Bedframe with Button Tufted Headboard, Navy",Inspired Home,Furniture,http://images.salsify.com/image/upload/s--3lVMT-8l--/jphftjloxuobrr9df2bt.jpg,$111.06,$617,1
"Bond Velvet Full Bedframe with Button Tufted Headboard, Blush",Inspired Home,Furniture,http://images.salsify.com/image/upload/s--Lu-mMhCF--/a8qsey3bylej590jrhiw.jpg,$89.64,$498,1
"Magic Pouf 3-in-1 Sherpa Ottoman, Bean Bag, Floor Pillow, Cream White",Inspired Home,Furniture,http://images.salsify.com/image/upload/s--gH9Fc4j7--/sl3wonn5egkajhkmlc8f.jpg,$20.70,$115,1
"Zakary Flannel Blanket Reverse Solid Sherpa 108"" x 90"", Red",Inspired Home,Furniture,http://images.salsify.com/image/upload/s--6PUjBQqJ--/blq2qnhspizcwvzmbhwn.jpg,$10.26,$57,1
"Enia Weighted Blanket with Quilted Cover 60""x80"", 20 Pound, Grey",Inspired Home,Furniture,http://images.salsify.com/image/upload/s--HEYkjmZJ--/m9dws9pmxortm9gryjmz.jpg,$19.08,$106,1
"Enia Weighted Blanket with Quilted Cover 48""x72"", 15 Pound, Navy",Inspired Home,Furniture,http://images.salsify.com/image/upload/s--oernwXqj--/jttwpjqegv9yhqlurghu.jpg,$15.84,$88,1
"Enia Weighted Blanket with Quilted Cover 48""x72"", 15 Pound, Grey",Inspired Home,Furniture,http://images.salsify.com/image/upload/s--lcvjjNZR--/cnys4wfqcxiuyoufebdr.jpg,$15.84,$88,1
"Enia Weighted Blanket with Quilted Cover 48""x72"", 15 Pound, Blush",Inspired Home,Furniture,http://images.salsify.com/image/upload/s--Zc3hxPho--/lwmh3mhr9bnhx9s9dqca.jpg,$15.84,$88,1
"Enia Weighted Blanket with Quilted Cover 48""x72"", 12 Pound, Grey",Inspired Home,Furniture,http://images.salsify.com/image/upload/s--TcMuqXCi--/wsemcgkz3kygmsftfc0q.jpg,$14.76,$82,1
"Yasmine Weighted Blanket with Quilted Cover 72""x80"", 20 Pound, Blush",Inspired Home,Textiles,http://images.salsify.com/image/upload/s--_s3cL-B_--/gvpmwdwcheh5ie9dh7yk.jpg,$20.70,$115,2
"Yasmine Weighted Blanket with Quilted Cover 48""x72"", 15 Pound, Navy",Inspired Home,Textiles,http://images.salsify.com/image/upload/s--EFvQJ3VK--/kvqvhbsrghyye9voyut4.jpg,$15.84,$88,1
"Yasmine Weighted Blanket with Quilted Cover 48""x72"", 12 Pound, Grey",Inspired Home,Textiles,http://images.salsify.com/image/upload/s--f-DhBl7u--/gnt7f0revawp7vjekemi.jpg,$14.76,$82,1
"Wesley Weighted Blanket with Dot Velvet Cover 41""x60"", 6 Pound, Light Blue",Inspired Home,Textiles,http://images.salsify.com/image/upload/s--_fCmJV6R--/xpn9add5ckown9zufksj.jpg,$11.52,$64,1
"Wesley Weighted Blanket with Dot Velvet Cover 48""x72"", 12 Pound, Light Blue",Inspired Home,Textiles,http://images.salsify.com/image/upload/s----Cp_IZS--/qslnfljhmilk3y1t9kdo.jpg,$15.30,$85,1
"Wesley Weighted Blanket with Dot Velvet Cover 48""x72"", 12 Pound, Light Blue",Inspired Home,Textiles,http://images.salsify.com/image/upload/s--EyKUL8Fo--/fv6nof6822dqxxinxpfz.jpg,$14.04,$78,1
"Zavier 2 in 1 Warm & Cool Weighted Blanket 48""x72"", 8 Pound, Grey",Inspired Home,Textiles,http://images.salsify.com/image/upload/s--xgnn_aQH--/ihld7jtnfapl48ysrexb.jpg,$11.34,$63,1
"Zaine Standard Weighted Blanket 48""x72"", 15 Pound, Grey",Inspired Home,Textiles,http://images.salsify.com/image/upload/s--jXXZyq6r--/zmjz8vuitimgvg2nylmy.jpg,$13.14,$73,1
"Zaine Standard Weighted Blanket 48""x72"", 12 Pound, Grey",Inspired Home,Textiles,http://images.salsify.com/image/upload/s--PMFID1fY--/irmn1l8wacfxztdk7ks9.jpg,$12.06,$67,1
"Oscar Leather PU Back Tufted Dining Chair w/Chrome Nailhead Trim (Set of 2), Light Grey",Inspired Home,Textiles,http://images.salsify.com/image/upload/s---bHRTGQz--/yeb8eys2ig88thlbe3yz.jpg,$57.06,$317,1
"Marilyn Velvet Button Tufted Armless Acrylic Leg Dining Chair (Set of 2), Navy",Inspired Home,Textiles,http://images.salsify.com/image/upload/s--xi41ElUy--/awmjtd1blnmzi6rmg3tf.jpg,$92.52,$514,1
"Adalene Velvet Accent Chair with Gold Base, Navy",Inspired Home,Textiles,http://images.salsify.com/image/upload/s--v4OPFNu1--/ddc7eiclzu7sjotpudaq.jpg,$47.88,$266,1
"Adalene Velvet Accent Chair with Silver Base, Grey",Inspired Home,Textiles,http://images.salsify.com/image/upload/s--a6X0NpzO--/hxrxlqro36aexazob4nq.jpg,$47.88,$266,1
"Adalene Velvet Accent Chair with Silver Base, Black",Inspired Home,Furniture,http://images.salsify.com/image/upload/s--gXaKwIvW--/v30lubv6jvtzmzmbsfp9.jpg,$45.54,$253,3
"Felicity Velvet Swoop Arm Slipper Chair with Open Sides, Grey",Inspired Home,Furniture,http://images.salsify.com/image/upload/s--IUroPu-C--/ojd69ypdpnzfchxsykng.jpg,$78.84,$438,1
"Dolly Velvet Armless Slipper Chair with Button Tufting and Rolled Back, Navy",Inspired Home,Furniture,http://images.salsify.com/image/upload/s--dM-CGBz3--/wdgrjmcbzs8gpjhttdq2.jpg,$73.62,$409,1
"Delilah Linen Armless Barrel Slipper Chair with Button Tufting, Charcoal",Inspired Home,Furniture,http://images.salsify.com/image/upload/s--dM-CGBz3--/wdgrjmcbzs8gpjhttdq2.jpg,$75.78,$421,2
"Salvador Velvet Button Tufted Armless Slipper Chair with Open Back Style, Plum",Inspired Home,Furniture,http://images.salsify.com/image/upload/s--1EUBu2g2--/jrpe1vfx3xlseyqbqlyh.jpg,$77.76,$432,1
"Zakary Flannel Throw Reverse Solid Sherpa 50"" x 60"", Red",Inspired Home,Furniture,http://images.salsify.com/image/upload/s--ULOuOLXc--/jerqe0brzdtfnk3fx8eu.jpg,$6.84,$38,1
"Merle Linen Slipcover Vanity Stool, Light Grey",Inspired Home,Furniture,http://images.salsify.com/image/upload/s---acjWuvB--/yygoqmdgattsqfjmzgbu.jpg,$24.66,$137,1
"Donatello Lacquer-Finish Lucite Leg Side Table, White",Inspired Home,Furniture,http://images.salsify.com/image/upload/s--LQxCU-L2--/c8vyjgjqutgt1n2yqi16.jpg,$51.66,$287,3
"Donatello Lacquer-Finish Lucite Leg Side Table, Navy",Inspired Home,Furniture,http://images.salsify.com/image/upload/s--bPj1Co7j--/s3ayoza4dgd27vsxwemv.jpg,$56.88,$316,1
"Pablo Mirrored Lacquer-Finish Lucite Leg Side Table, Light Grey",Inspired Home,Furniture,http://images.salsify.com/image/upload/s--UwBCzH3d--/rcx1j8bk6csw0wjihlou.jpg,$51.30,$285,1
"1 Drawer High Gloss Side Table with Metal Handle and Corner Brackets, Light Grey/Gold",Inspired Home,Furniture,http://images.salsify.com/image/upload/s--ZC0Imslm--/s-82a8fcfa-84ac-43ad-91cb-89ae0eacd01e.jpg,$41.22,$229,1
"Monette Faux Linen Modular Armless Seat Sofa, Pink",Inspired Home,Furniture,http://images.salsify.com/image/upload/s--JjqN5cQ9--/qcrtzrw10bcaqzhwmq4z.jpg,$90.18,$501,3
"Monette Faux Faux Linen Modular Armless Seat Sofa, Grey",Inspired Home,Furniture,http://images.salsify.com/image/upload/s--m6d0zjjI--/fgjobjaidrfqjcyqvovb.jpg,$90.18,$501,1
"Monette Faux Faux Linen Modular Corner Seat Sofa, Grey",Inspired Home,Furniture,http://images.salsify.com/image/upload/s--rTRNNSwP--/x14xwmpgt60uxxt5t6s3.jpg,$94.50,$525,1
"Monette Faux Linen Modular Corner Seat Sofa, Charcoal",Inspired Home,Furniture,http://images.salsify.com/image/upload/s--Zr7SLGoe--/rxelswkkvlts85chothj.jpg,$94.50,$525,3
"Monette Faux Linen Modular Left Arm Seat Sofa, Grey",Inspired Home,Furniture,http://images.salsify.com/image/upload/s--F00WpiON--/ko25xnidptaqornyla7k.jpg,$94.50,$525,1
"Willington 3 Seat Button Tufted Velvet Sofa with Casters, Beige",Inspired Home,Furniture,http://images.salsify.com/image/upload/s--mo7wppo7--/zstqmaaociygjk31f3ym.jpg,$153.90,$855,1
"Maisie Linen Reversible Chaise Sofa, Blush",Inspired Home,Furniture,http://images.salsify.com/image/upload/s--5QKra4mG--/qzisektm6ko26k6zkuyr.jpg,$172.80,$960,1
"Anniston Velvet Upholstered Chaise Sectional Sofa (Right), Grey",Inspired Home,Furniture,http://images.salsify.com/image/upload/s--kc4IGYcT--/fhlhgwxz4a4q96pn6ycr.jpg,$260.10,"$1,445",1
"Anniston Velvet Upholstered Chaise Sectional Sofa (Right), Black",Inspired Home,Furniture,http://images.salsify.com/image/upload/s--k7kheGWH--/edys790xd2apuejjbrpd.jpg,$255.06,"$1,417",1
"Perrin Linen Slipcover Ottoman, Pure White",Inspired Home,Furniture,http://images.salsify.com/image/upload/s--uE-UHiq2--/crsqubixoacihb866dey.jpg,$30.78,$171,3
"Proulx Linen Ottoman with Cushion, Dark Grey",Inspired Home,Furniture,http://images.salsify.com/image/upload/s--SZjp0-lV--/xtz0cqg2hzu30eixzvaz.jpg,$34.20,$190,2
"Larue Linen Square Ottoman, Pure White",Inspired Home,Furniture,http://images.salsify.com/image/upload/s--67IL0mq4--/v6ljjsodzzoceinndk1h.jpg,$16.74,$93,1
"Monette Faux Linen Modular Ottoman, Charcoal",Inspired Home,Furniture,http://images.salsify.com/image/upload/s--8V90TKQo--/apjbzxbfxbtidruohb59.jpg,$76.86,$427,1
"Lilly Faux Fur Cube Storage Ottoman, White",Inspired Home,Furniture,http://images.salsify.com/image/upload/s--a-kYSDCq--/rknogk8hylogcrvy4ncy.jpg,$18.72,$104,1
"Anniston Velvet Upholstered Chaise Sectional Sofa (Left), Grey",Inspired Home,Furniture,http://images.salsify.com/image/upload/s--F7-loin4--/wufqjwe1l6fwh9rrulyj.jpg,$260.10,"$1,445",1
"Anniston Velvet Upholstered Chaise Sectional Sofa (Left), Black",Inspired Home,Furniture,http://images.salsify.com/image/upload/s--AujydGW0--/tozkut91rayp6xcaftpv.jpg,$260.10,"$1,445",1
"Daryl 4 door Sideboard with Chrome Handle and Metal Frame in High Gloss Lacquer Finish, Light Grey",Inspired Home,Furniture,http://images.salsify.com/image/upload/s--UWmkPZPs--/flbz08zed9yegpl5feks.jpg,$123.66,$687,3
"Daryl 4 door Sideboard with Gold Handle and Metal Frame in High Gloss Lacquer Finish, Black",Inspired Home,Furniture,http://images.salsify.com/image/upload/s--6mbFv_T1--/fddskczpfjv1cnussts6.jpg,$123.66,$687,2
"Belen 2 Door Sideboard with Gold Handle and Leg Tip, White",Inspired Home,Furniture,http://images.salsify.com/image/upload/s--qyox-MbZ--/vuz6hneuaek271v5mzdg.jpg,$92.52,$514,2
"Belen 4 Door Sideboard with Gold Handle and Leg Tip, Navy",Inspired Home,Furniture,http://images.salsify.com/image/upload/s--8YHoVrac--/jytbepmbz5ohpfc5e3ah.jpg,$129.60,$720,2
"Belen 3 Door Sideboard with Gold Handle and Leg Tip, Navy",Inspired Home,Furniture,http://images.salsify.com/image/upload/s--9GQSxMJs--/caujg9ho0n2lwviwtgyk.jpg,$114.48,$636,1
"Belen 2 Door Sideboard with Gold Handle and Leg Tip, Navy",Inspired Home,Furniture,http://images.salsify.com/image/upload/s--LEmiYUme--/lcu726sxdapvopjr531f.jpg,$92.52,$514,3
"Belen 4 Door Sideboard with Gold Handle and Leg Tip, Light Grey",Inspired Home,Furniture,http://images.salsify.com/image/upload/s--CjO7vHz0--/nkaihypinoenyhxhvssz.jpg,$129.60,$720,1
"Belen 3 Door Sideboard with Gold Handle and Leg Tip, Light Grey",Inspired Home,Furniture,http://images.salsify.com/image/upload/s--jTQgaJfG--/dnstspvmygupcstgm3om.jpg,$114.48,$636,1
"Noyer Linen Cocktail Storage Ottoman, Cream White",Inspired Home,Furniture,http://images.salsify.com/image/upload/s--VoRaQU11--/jkqvwccdixet0ux0pocz.jpg,$66.60,$370,1
"Willington Velvet Cocktail Ottoman with Casters, Grey",Inspired Home,Furniture,http://images.salsify.com/image/upload/s--kcmgALy9--/t3f41omvwzffrrp6eqqx.jpg,$41.40,$230,1
"Traver Linen Tufted Chaise Lounge Front Wheel Caster, Grey",Inspired Home,Furniture,http://images.salsify.com/image/upload/s--fxvzJvtO--/vjd62revvf0sli3vuzym.jpg,$111.06,$617,1
"Willington Velvet Button Tufted Club Chair with Casters, Grey",Inspired Home,Furniture,http://images.salsify.com/image/upload/s--j5r5wwZ9--/j8kxbsubdln3twnfgcr7.jpg,$99.18,$551,1
"Bourdillon Linen Arm Bench with Two Pillows, Light Pink",Inspired Home,Furniture,http://images.salsify.com/image/upload/s--rhib91QR--/uebz6phr9ezwxdxil0mc.jpg,$53.64,$298,1
"Bonfils Linen Twin Bedframe with Tufted Headboard, Pink",Inspired Home,Furniture,http://images.salsify.com/image/upload/s--McMxYHIU--/vakyenr3pvy9ytxvvfgc.jpg,$96.30,$535,1
"Bonfils Linen King Bedframe with Tufted Headboard, Pink",Inspired Home,Furniture,http://images.salsify.com/image/upload/s--DvGQHCi9--/ok75one0tdjvaxztbaeu.jpg,$112.32,$624,1
"Bonfils Linen Twin Bedframe with Tufted Headboard, Grey",Inspired Home,Furniture,http://images.salsify.com/image/upload/s--0Z4lfFbU--/l4iegdw1lzs4eelh1ngd.jpg,$96.30,$535,1
"Bonfils Linen Queen Bedframe with Tufted Headboard, Grey",Inspired Home,Furniture,http://images.salsify.com/image/upload/s--bghF0Lm0--/hiizlmfnkboly4ybatxa.jpg,$104.94,$583,3
"Boucher Velvet Twin Bedframe with Tufted Headboard and Footboard, Navy",Inspired Home,Furniture,http://images.salsify.com/image/upload/s--1j74IuAL--/ggidsatmcnqngcen8tjd.jpg,$85.68,$476,1
"Boucher Velvet King Bedframe with Tufted Headboard and Footboard, Navy",Inspired Home,Furniture,http://images.salsify.com/image/upload/s--UiG-aR1h--/mrglpimmasxslkonzjlh.jpg,$107.82,$599,1
"Boucher Velvet Twin Bedframe with Tufted Headboard and Footboard, Light Blue",Inspired Home,Furniture,http://images.salsify.com/image/upload/s--6VNG9Be3--/yr6pku6qlbaceslmlowd.jpg,$87.84,$488,1
"Boucher Velvet Queen Bedframe with Tufted Headboard and Footboard, Light Blue",Inspired Home,Furniture,http://images.salsify.com/image/upload/s--gNDmds0C--/snoojlyr0jbcz85xaxii.jpg,$98.10,$545,1
"Boucher Velvet King Bedframe with Tufted Headboard and Footboard, Light Blue",Inspired Home,Furniture,http://images.salsify.com/image/upload/s--KPZvsgDG--/tsy8efnjowpquqrg85zg.jpg,$104.58,$581,1
"Boucher Velvet Twin Bedframe with Tufted Headboard and Footboard, Blush",Inspired Home,Furniture,http://images.salsify.com/image/upload/s--VD1VEN1T--/cwydealtnclur9xrioxb.jpg,$87.84,$488,1
"Boucher Velvet Queen Bedframe with Tufted Headboard and Footboard, Blush",Inspired Home,Furniture,http://images.salsify.com/image/upload/s--6D8wAy_L--/q8hnmunfgtxauzaesmri.jpg,$100.98,$561,6
"Boucher Velvet King Bedframe with Tufted Headboard and Footboard, Blush",Inspired Home,Furniture,http://images.salsify.com/image/upload/s--jhRubTKF--/zmell9t2a110hc0eriwk.jpg,$105.66,$587,1
"Blanchet Linen Twin Bedframe with Tufted Headboard, Grey",Inspired Home,Furniture,http://images.salsify.com/image/upload/s--VNIMNfib--/dnzkadtt0xgabzcwi42t.jpg,$88.92,$494,1
"Blanchet Linen Queen Bedframe with Tufted Headboard, Grey",Inspired Home,Furniture,http://images.salsify.com/image/upload/s--TKBqD80h--/jcevdudpdp76xym18srd.jpg,$101.70,$565,2
"Blanchet Linen King Bedframe with Tufted Headboard, Grey",Inspired Home,Furniture,http://images.salsify.com/image/upload/s--WSNSpt3G--/vcnodccn12l5hizm7fuj.jpg,$108.90,$605,1
"Blanchet Linen Twin Bedframe with Tufted Headboard, Cream White",Inspired Home,Furniture,http://images.salsify.com/image/upload/s--EwZqOYEs--/qflnqmyqlmv68ggpplut.jpg,$88.92,$494,1
"Blanchet Linen Twin Bedframe with Tufted Headboard, Beige",Inspired Home,Furniture,http://images.salsify.com/image/upload/s--V05-4ZWF--/jk3trnq0cebwybcmlbp7.jpg,$88.92,$494,1
"Blanchet Linen Queen Bedframe with Tufted Headboard, Beige",Inspired Home,Furniture,http://images.salsify.com/image/upload/s--XuZAhUZY--/jlzjpehuv6fsakimbrx9.jpg,$101.70,$565,1
"Belrose Linen Queen Bedframe with Tufted Headboard, Cream White",Inspired Home,Furniture,http://images.salsify.com/image/upload/s--CdfRXtHD--/mvpvw8ny1gfu9qwpnsop.jpg,$100.62,$559,1
"Belrose Linen King Bedframe with Tufted Headboard, Cream White",Inspired Home,Furniture,http://images.salsify.com/image/upload/s--aae5hEx2--/bnle3gkvh0v3ispwpnn6.jpg,$126.54,$703,1
"Belrose Linen Twin Bedframe with Tufted Headboard, Sea Blue",Inspired Home,Furniture,http://images.salsify.com/image/upload/s--3f7ukc5d--/zdynvq69n1qrq7uo7yce.jpg,$85.86,$477,1
"Belrose Linen Twin Bedframe with Tufted Headboard, Beige",Inspired Home,Furniture,http://images.salsify.com/image/upload/s--M7LCftEW--/bmedutislabwpwgrm0it.jpg,$87.30,$485,1
"Belrose Linen King Bedframe with Tufted Headboard, Beige",Inspired Home,Furniture,http://images.salsify.com/image/upload/s--PmfDSRZ6--/axv9qspdwmj4kzwwc6vq.jpg,$107.46,$597,1
"Navea Velvet Hand Woven Storage Bench, Navy",Inspired Home,Furniture,http://images.salsify.com/image/upload/s--YgJC0rGo--/yrqxiyqmjp0n45quo8zs.jpg,$48.24,$268,1
"Navea Velvet Hand Woven Storage Bench, Hunter Green",Inspired Home,Furniture,http://images.salsify.com/image/upload/s--tAkTmbgP--/jzjvntirzvwv6lnxgzp1.jpg,$48.24,$268,1
"Navea Velvet Hand Woven Storage Bench, Fuchsia",Inspired Home,Furniture,http://images.salsify.com/image/upload/s--O4BD-F8i--/ymkr67y1pvrezzf8ch4t.jpg,$48.24,$268,1
"Navea Velvet Hand Woven Storage Bench, Black",Inspired Home,Furniture,http://images.salsify.com/image/upload/s--RD27x_PC--/jjbazutngy0il1zoty2g.jpg,$40.86,$227,1
"James 85"" Long Leather PU Biscuit Tufted Sofa Bed with Storage, Black",Inspired Home,Furniture,http://images.salsify.com/image/upload/s--NbPWPNQR--/xodej9thzo1d5ieepfmi.jpg,$97.92,$544,1
"Angelo Velvet Biscuit Tufted Sofa with Lucite Legs, Purple",Inspired Home,Furniture,http://images.salsify.com/image/upload/s--FH66cFMX--/nkjqg0bshsj6uimi20xa.jpg,$149.58,$831,1
"Sean Velvet 3-Seat Sofa with Gold Base, Navy",Inspired Home,Furniture,http://images.salsify.com/image/upload/s--FgRyivk5--/g0ysh5toxpatalcgpvcw.jpg,$163.62,$909,1
"Lotte Velvet Button Tufted Square Tapered Leg Sofa, Navy",Inspired Home,Furniture,http://images.salsify.com/image/upload/s--DDQEGiGj--/yf2pkxumgwwrdnyktar1.jpg,$143.82,$799,1
"Giovanni Velvet 3-Seat Sofa, Hunter Green",Inspired Home,Furniture,http://images.salsify.com/image/upload/s--SRTCUd7q--/tqev6q43vvszhaeo89xe.jpg,$153.90,$855,1
"Fournier Linen Dining Armchair with Antique Brushed Wood Finish, Grey",Inspired Home,Furniture,http://images.salsify.com/image/upload/s--XraYrsUs--/hnqrmt40xgfohbtos102.jpg,$37.26,$207,1
"Durant Linen Accent/Dining Chair with Antique Wood Finish, Navy",Inspired Home,Furniture,http://images.salsify.com/image/upload/s--hd6ckGEn--/ojjxwf4vpjqiqj7lss85.jpg,$44.46,$247,2
"Quickchair Indoor/Outdoor Foldable Floor Chair, Grey/Yellow",Inspired Home,Furniture,http://images.salsify.com/image/upload/s--OlLh4yX3--/ply9iqq7mzz1ip9dibcl.jpg,$9.36,$52,1
"Kamille Upholstered Linen Queen Wingback Bed with Nailhead Trim, Navy",Inspired Home,Furniture,http://images.salsify.com/image/upload/s--9deUC3-K--/qv5sistdqbikauezswkr.jpg,$87.30,$485,1
"Kamille Upholstered Linen Full Size Wingback Bed with Nailhead Trim, Navy",Inspired Home,Furniture,http://images.salsify.com/image/upload/s--yuiy8qW9--/crzsp2zsptrlxn9qraub.jpg,$81.36,$452,2
"Kamille Upholstered Linen Queen Wingback Bed with Nailhead Trim, Grey",Inspired Home,Furniture,http://images.salsify.com/image/upload/s--9TcG5S7a--/cnqcfvteh9fqzxfi95tg.jpg,$88.92,$494,3
"Kamille Upholstered Linen Twin XL Wingback Bed with Nailhead Trim, Cream White",Inspired Home,Furniture,http://images.salsify.com/image/upload/s--1k47hQzu--/yqhnrbhne0z61zoqmrob.jpg,$79.74,$443,1
"Kamille Upholstered Linen King Wingback Bed with Nailhead Trim, Charcoal",Inspired Home,Furniture,http://images.salsify.com/image/upload/s--QJfVpxON--/sfgrvdkbmukkjuhhivas.jpg,$93.60,$520,1
"Kamille Upholstered Linen Twin XL Wingback Bed with Nailhead Trim, Charcoal",Inspired Home,Furniture,http://images.salsify.com/image/upload/s--7j1cy0J9--/sienvcwttbkufwyw6za2.jpg,$93.96,$522,1
"Kamille Upholstered Linen Full Size Wingback Bed with Nailhead Trim, Beige",Inspired Home,Furniture,http://images.salsify.com/image/upload/s--tAOKK1_---/kgrjh5jwycg2assrorra.jpg,$82.98,$461,2
"Kamille Upholstered Linen Twin XL Wingback Bed with Nailhead Trim, Beige",Inspired Home,Furniture,http://images.salsify.com/image/upload/s--KEFyFv31--/kprjb5t6lcxps9j7zoee.jpg,$79.74,$443,1
"Fournier Linen Armless Dining Chair with Antique Brushed Wood Finish, Cream White",Inspired Home,Furniture,http://images.salsify.com/image/upload/s--S_i4SQym--/epuu1qup5wostzwkkiar.jpg,$25.20,$140,1
"Fournier Linen Armless Dining Chair with Antique Brushed Wood Finish, Beige",Inspired Home,Furniture,http://images.salsify.com/image/upload/s--VBXsiErE--/vigpo1zxneohq8nxwesl.jpg,$24.84,$138,1
"David Linen Armless Dining Chair with Antique Brushed Wood Finish (Set of 2), Grey",Inspired Home,Furniture,http://images.salsify.com/image/upload/s--_aWiRyJ3--/hvaykqu8sfhx8lhlfkdt.jpg,$41.94,$233,1
"David Linen Armless Dining Chair with Antique Brushed Wood Finish (Set of 2), Cream White",Inspired Home,Furniture,http://images.salsify.com/image/upload/s--SYHlQUNv--/wmnausc59w83htwadd4c.jpg,$41.94,$233,1
"Avianna Linen Armchair with Black Wood Frame, Grey",Inspired Home,Furniture,http://images.salsify.com/image/upload/s--Z2-GFabu--/y9d05yta9ktvrd890jmb.jpg,$35.64,$198,1
"Estefany Outdoor 4pc Seating Group, Dark Grey",Inspired Home,Furniture,http://images.salsify.com/image/upload/s--dyOyHcGl--/ufyeiqsf7mkbunmt3ltn.jpg,$230.22,"$1,279",1
"Salman Outdoor 4pc Seating Group, Teak",Inspired Home,Furniture,http://images.salsify.com/image/upload/s--GDjbSSxJ--/ddne5eaxoufxpdbtp6ux.jpg,$189.18,"$1,051",2
"Bella Linen Allover Tufted Round Cocktail Ottoman, Navy",Inspired Home,Furniture,http://images.salsify.com/image/upload/s--Lvz4Hk0X--/wf2jhqqa9mdvb07mciyc.png,$63.90,$355,1
"Aurora Velvet X-Leg Gold Base Ottoman, Black",Inspired Home,Furniture,http://images.salsify.com/image/upload/s--ABQBN68Y--/xfrudh0qwcjdarrybf8n.jpg,$24.84,$138,1
"Raphael Velvet Oversized Button Tufted Clear Acrylic Feet Cocktail Ottoman, Black",Inspired Home,Furniture,http://images.salsify.com/image/upload/s--arrQHiVk--/xegk6jenmukfs93yzoen.jpg,$72.18,$401,3
"Harrison Linen Hidden Storage Rolling Cube Ottoman, Light Grey",Inspired Home,Furniture,http://images.salsify.com/image/upload/s--_pZlh7Gy--/gkvfkiqoagjdwcqamuaj.jpg,$19.80,$110,1
"Newton PU Leather Button Tufted Metal Frame Cube Ottoman, Cream White",Inspired Home,Furniture,http://images.salsify.com/image/upload/s--iTOTLG6b--/ctswbioznyevpcxo7rjs.jpg,$10.98,$61,1
"Colter Outdoor Rattan Wicker 5pc Seating Group, Black",Inspired Home,Furniture,http://images.salsify.com/image/upload/s--xW_yWMHD--/rcgoupfgq0zxzn24wcgr.jpg,$187.74,"$1,043",3
"Colter Outdoor Rattan Wicker 5pc Seating Group, Light Grey",Inspired Home,Furniture,http://images.salsify.com/image/upload/s--AbZx4S_F--/xoml0dcjsszvj4dolg9e.jpg,$187.74,"$1,043",3
"Brennen Outdoor Rattan Wicker 4pc Seating Group, Black",Inspired Home,Furniture,http://images.salsify.com/image/upload/s--Hdl2SrmC--/tv5xyvrwyunrssa6k0qz.jpg,$147.42,$819,1
"Brennen Outdoor Rattan Wicker 4pc Seating Group, Teak",Inspired Home,Furniture,http://images.salsify.com/image/upload/s--fqSrcamE--/f7rptpogum3f1wjxerct.jpg,$147.42,$819,2
"Amarion Outdoor Rattan Wicker 4pc Seating Group, Black",Inspired Home,Furniture,http://images.salsify.com/image/upload/s---6s0IMLn--/ewqeljsbynoj1mfk6ykx.jpg,$158.58,$881,1
"Aislinn Game Chair, Navy",Inspired Home,Furniture,http://images.salsify.com/image/upload/s--Dn_zA0sP--/od85tph4poquug1fx3yd.jpg,$37.62,$209,1
"Aislinn Game Chair, Grey",Inspired Home,Furniture,http://images.salsify.com/image/upload/s---83sunT---/v2aat8vv5rfjuzoadxnv.jpg,$37.62,$209,1
"Aislinn Game Chair, Black",Inspired Home,Furniture,http://images.salsify.com/image/upload/s--WyU5K-WQ--/qphvjcwi0eezntmia0wu.jpg,$37.62,$209,1
"Lilia Game Chair, Grey",Inspired Home,Furniture,http://images.salsify.com/image/upload/s--FNzmvFRq--/lou7pqf89zzxo3ayno3h.jpg,$41.22,$229,1
"Kimora Game Chair, White",Inspired Home,Furniture,http://images.salsify.com/image/upload/s--KfJGPVf3--/wgkuuenmp3rjaf9ak8lb.jpg,$24.66,$137,1
"Harmoni Game Chair, White",Inspired Home,Furniture,http://images.salsify.com/image/upload/s--vSiHLRFQ--/ytrs23iduemriewcu3my.jpg,$38.88,$216,1
"Harmoni Game Chair, Navy",Inspired Home,Furniture,http://images.salsify.com/image/upload/s--Zr9psQa2--/eart9bxwjwvbioczc2vc.jpg,$38.88,$216,1
"Hadleigh Game Chair, Red",Inspired Home,Furniture,http://images.salsify.com/image/upload/s--BYaVkJTT--/qqgx5p36ydq5v9hugjpb.jpg,$32.76,$182,1
"Reina Game Chair, Black",Inspired Home,Furniture,http://images.salsify.com/image/upload/s--mnyyGTlH--/sj6vpyhxx1kqhwcoawpg.jpg,$37.98,$211,1
"Angeline Game Chair, White",Inspired Home,Furniture,http://images.salsify.com/image/upload/s--oofY5fgA--/aemxwt2avt9k6fuu4wk5.jpg,$43.56,$242,2
"Angeline Game Chair, Red",Inspired Home,Furniture,http://images.salsify.com/image/upload/s--OALbf9U1--/ej4gsnfmeyjaty1z0vhb.jpg,$44.46,$247,1
"Angeline Game Chair, Navy",Inspired Home,Furniture,https://storage.googleapis.com/floorfound-prod-cdn/inspired_home/products/images/3a92c9bb-5776-4a65-980e-63113cf1f8e0.jpg,$43.56,$242,1
"Angeline Game Chair, Grey",Inspired Home,Furniture,https://storage.googleapis.com/floorfound-prod-cdn/inspired_home/products/images/56a4ee0a-27eb-4a6c-88c1-4443f9103622.jpg,$43.56,$242,2
"Nala Game Chair, White",Inspired Home,Furniture,https://storage.googleapis.com/floorfound-prod-cdn/inspired_home/products/images/f726dc2d-6ed6-4d2c-873b-bdc51959b8ac.jpg,$48.78,$271,2
"Nala Game Chair, Black",Inspired Home,Furniture,https://storage.googleapis.com/floorfound-prod-cdn/inspired_home/products/images/499a73c2-b6b0-4fd8-b281-496d3147ddc0.jpg,$48.78,$271,1
"Abdiel Faux Shagreen TV Stand with Gold Base, Grey",Inspired Home,Furniture,http://images.salsify.com/image/upload/s--d0snPgs3--/gqwrqxsmuchrzmdlfqz7.jpg,$105.84,$588,1
"Zoie 2 drawer Faux Shagreen Side Table with Chrome Base, Navy",Inspired Home,Furniture,http://images.salsify.com/image/upload/s--IYZaohK_--/yr1wfsl9djzrwewanp5r.jpg,$44.82,$249,1
"Mandisa High Gloss Lacquer Finish Side Table with Polished Stainless Steel Chrome Base and Handles, White",Inspired Home,Furniture,http://images.salsify.com/image/upload/s--hqWKIyvI--/ljzl6foygwyop8qohl0d.jpg,$44.82,$249,1
"2 Drawer High Gloss Side Table with Sainless Steel Base and Handle, Dark Navy/Gold",Inspired Home,Furniture,http://images.salsify.com/image/upload/s--txCTOkXf--/s-aaad758c-d4cf-42d3-9184-df6dbba9a7f9.jpg,$39.60,$220,2
"3 Drawer High Gloss Finish Acrylic Knob and Leg Side Table, White",Inspired Home,Furniture,http://images.salsify.com/image/upload/s--3wgStoxr--/s-30ba170b-8f7f-4661-a499-f7d3742bf56a.jpg,$55.44,$308,1
"Reyansh 4 Door Sideboard with Chrome Base, Grey",Inspired Home,Furniture,http://images.salsify.com/image/upload/s--A66ragXs--/tvotyafvpxx7v4pdwc4m.jpg,$127.98,$711,1
"Milton Velvet Channel Tufted Chrome Nailhead Trim and Tip Sofa, Black",Inspired Home,Furniture,http://images.salsify.com/image/upload/s--rEdHSmxR--/ppctmmlk8qlvekrlfn0z.jpg,$148.86,$827,1
"Velvet Nesting Ottoman Set of 2 with Stainless Steel Polished Gold Frame, Blush",Inspired Home,Furniture,http://images.salsify.com/image/upload/s--8OzRwtNF--/s-23cbb4cc-f21c-467f-ace5-91ae7a37c4d0.jpg,$60.84,$338,1
"Abdiel Faux Shagreen End Table With Gold Base, Grey",Inspired Home,Furniture,http://images.salsify.com/image/upload/s--EuCJqlC5--/jinnc5lqwin9k77f0zzn.jpg,$26.82,$149,1
"70"" Marble Top Dining Table with Metal Legs in Brushed Gold, White/Gold",Inspired Home,Furniture,http://images.salsify.com/image/upload/s--djilHTCV--/s-466b0952-84ed-4d4e-ae76-e4d772c53f46.jpg,$131.40,$730,1
"90"" Marble Top Dining Table with Metal Black Legs Silver Tip, White",Inspired Home,Furniture,http://images.salsify.com/image/upload/s--wLjXK02K--/s-a909c001-6fa5-4c6a-8035-a7d5ba6cd76c.jpg,$120.42,$669,3
"Abdiel Faux Shagreen Coffee Table with Gold Base, Cream White",Inspired Home,Furniture,http://images.salsify.com/image/upload/s--poLk7oww--/gqci15bfo60jsruujh29.jpg,$71.46,$397,1
"Irina Clear Glass Round Top Coffee Table with Metal Frame, Gold",Inspired Home,Furniture,http://images.salsify.com/image/upload/s--xudfHU_n--/kyd1jrysr6cviqnupdph.jpg,$90.18,$501,1
"Mandisa High Gloss Lacquer Finish Console Table with Polished Stainless Steel Gold Base and Handles, Black",Inspired Home,Furniture,http://images.salsify.com/image/upload/s--PHTA61iV--/my8mgrp0pv8jlgfiowyr.jpg,$61.02,$339,1
"Lisa Leather PU Button Tufted Club Chair with Gold Leg, Camel",Inspired Home,Furniture,http://images.salsify.com/image/upload/s--gWltbjAa--/est39ljoaa2ob3h1sz5v.jpg,$93.96,$522,1
"Lisa Leather PU Button Tufted Club Chair with Gold Leg, Brown",Inspired Home,Furniture,http://images.salsify.com/image/upload/s--yABlg0Ko--/stqc0dnlzwyzsehjfu5k.jpg,$93.96,$522,1
"Milton Velvet Channel Tufted Gold Nailhead Trim and Tip Club Chair, Navy",Inspired Home,Furniture,http://images.salsify.com/image/upload/s--AsVpg6P4--/gbmoqd4ckvovwo2nag0p.jpg,$99.54,$553,2
"Milton Velvet Channel Tufted Chrome Nailhead Trim and Tip Club Chair, Slate Blue",Inspired Home,Furniture,http://images.salsify.com/image/upload/s--nc5OTYZI--/mymxz4x1o5wwagvbj2on.jpg,$97.74,$543,1
"Ture Veneer Finish Cabinet with Polished Stainless Steel Chrome Base, Grey Oak",Inspired Home,Furniture,http://images.salsify.com/image/upload/s--Iaj6u0lO--/orxcla4xkcaig5ay5dgg.jpg,$64.08,$356,1
"Mandisa High Gloss Lacquer Finish Book Shelf with Polished Stainless Steel Chrome Frame, White",Inspired Home,Furniture,http://images.salsify.com/image/upload/s--nR1xe1Ov--/n5oxxwejhv1jp56lyasz.jpg,$87.48,$486,3
"Mandisa High Gloss Lacquer Finish Book Shelf with Polished Stainless Steel Chrome Frame, Light Grey",Inspired Home,Furniture,http://images.salsify.com/image/upload/s--JhxSnwbU--/q8tqtovkrxfqwnkop3rb.jpg,$87.48,$486,1
"Satine Velvet Hand Woven Bench with Gold Base, Hunter Green",Inspired Home,Furniture,http://images.salsify.com/image/upload/s--ejtUuG7t--/edutu9nv0oqad11dnyqs.jpg,$47.52,$264,1
"Aurelie Velvet Accent Chair with Acrylic Legs, Purple",Inspired Home,Furniture,http://images.salsify.com/image/upload/s--AONK3U9g--/d9hzh8b2b0rsfjx6l9fb.jpg,$73.44,$408,1
"Adorna Chrome Base C-Table with Drawer, USB Port & Wall Plug | Black/Chrome",Inspired Home,Furniture,http://images.salsify.com/image/upload/s--jvmQDIyp--/xvq45j5ykglsevrovg94.jpg,$16.74,$93,1
"Kalina C-Table with Magazine Holder, USB Port & Wall Plug | Black/Black",Inspired Home,Furniture,http://images.salsify.com/image/upload/s--IQEm64Yn--/aroqugu220irgqb7w66v.jpg,$14.22,$79,2
"Naya Desk with Shelf, White/Walnut",Inspired Home,Furniture,http://images.salsify.com/image/upload/s--KYOQ5Ue0--/u1kdzs8mw969nkwaiog5.jpg,$89.46,$497,1
"Naya Desk with Shelf, White/Natural",Inspired Home,Furniture,http://images.salsify.com/image/upload/s--X6q8o--9--/bjviqf6nxtdts9zyz4gb.jpg,$92.16,$512,1
"Naya Desk with Shelf, White/Grey",Inspired Home,Furniture,http://images.salsify.com/image/upload/s--Ltj219Uk--/tvcgqckk5gx3ouaa6elj.jpg,$90.72,$504,1
"Bryanna L-Shaped Desk with Black Legs, Natural",Inspired Home,Furniture,http://images.salsify.com/image/upload/s--CvUX8Aq_--/e1ml1woz5gcllf6urqno.jpg,$57.60,$320,2
"Jamir Desk with 2 Storage Drawers and Gold Legs, White",Inspired Home,Furniture,http://images.salsify.com/image/upload/s--LDp_zfJ---/qqhqtgje6yxnduu61bja.jpg,$47.52,$264,1
"Noemi Desk with 3 Drawers and Ipad Holder Stand, Walnut/Black",Inspired Home,Furniture,http://images.salsify.com/image/upload/s--eoMN26Ts--/qhkydlbzgzzabu8rpwom.jpg,$42.12,$234,1
"Laurel Office Desk with 1 Drawer, Side Storage and Top Shelves, Natural/White",Inspired Home,Furniture,http://images.salsify.com/image/upload/s--h9becHGG--/xa5if1urvlqywbm5igcj.jpg,$53.64,$298,1
"Laurel Office Desk with 1 Drawer, Side Storage and Top Shelves, Grey/Black",Inspired Home,Furniture,http://images.salsify.com/image/upload/s--DoNvv6LG--/cj3j09ddpdufdbldbk4u.jpg,$52.38,$291,1
"Alyvia Corner Bookshelf, White",Inspired Home,Furniture,http://images.salsify.com/image/upload/s--MZc2i5Bc--/xmwxjcfzubfivvz3n7x0.jpg,$24.30,$135,1
"Misael Queen Velvet Channel Tufted Wingback Platform Bed, Navy",Inspired Home,Furniture,http://images.salsify.com/image/upload/s--acuK_-QM--/fo4tflcxy7w16zn4lheh.jpg,$97.38,$541,1
"Misael Queen Velvet Channel Tufted Wingback Platform Bed, Hunter Green",Inspired Home,Furniture,http://images.salsify.com/image/upload/s--eENEXxEN--/qtizsearw1vftb4y83j5.jpg,$99.18,$551,1
"Misael King Velvet Channel Tufted Wingback Platform Bed, Hunter Green",Inspired Home,Furniture,http://images.salsify.com/image/upload/s--Zl7tnP6z--/voyun5crwq0ospmbmmc2.jpg,$104.40,$580,3
"Misael Queen Velvet Channel Tufted Wingback Platform Bed, Black",Inspired Home,Furniture,http://images.salsify.com/image/upload/s--g5uWbnSK--/qd89bkx6tieulta1jgwh.jpg,$99.18,$551,1
"Linen Upholstered Queen Platform Bed, Grey",Inspired Home,Furniture,http://images.salsify.com/image/upload/s--0xWCbrHX--/s-c55d88e7-a440-4e61-8c02-c09777cb5cc9.jpg,$101.52,$564,2
"Linen Upholstered Full Platform Bed, Grey",Inspired Home,Furniture,http://images.salsify.com/image/upload/s--YuGXh4BR--/s-fce64f7d-b7d8-40e1-83bb-5e1ec29e55a5.jpg,$96.66,$537,1
"Linen Upholstered Queen Platform Bed, Charcoal",Inspired Home,Furniture,http://images.salsify.com/image/upload/s--sabbKzlN--/s-d92fedd0-979f-4fbb-951b-7ff7f4be2736.jpg,$99.36,$552,1
"Linen Upholstered Full Platform Bed, Charcoal",Inspired Home,Furniture,http://images.salsify.com/image/upload/s--irgBzRT5--/s-27c5ab5e-cb7a-433c-9837-035f4e1a7526.jpg,$94.68,$526,1
"Amaris Mirrored 2 Drawers Corner Makeup Vanity Table with Stool, White",Inspired Home,Furniture,http://images.salsify.com/image/upload/s--vUCjLuWD--/xulnan0lilptlnaw1dvz.jpg,$82.62,$459,1
"Louisa Mirrored 2 drawers Makeup Vanity Table, No Color",Inspired Home,Furniture,http://images.salsify.com/image/upload/s--PfnuMLVQ--/nwlymotnzfy1oigliwke.jpg,$84.78,$471,1
Giselle Tabletop Vanity Mirror No Color,Inspired Home,Furniture,https://storage.googleapis.com/floorfound-prod-cdn/inspired_home/products/images/6a1b35aa-849a-43da-991f-37175b2d90de.jpg,$11.34,$63,1
Zahra Rectangular Accent Wall Mirror,Inspired Home,Furniture,http://images.salsify.com/image/upload/s--bKPmYOP8--/cpnmshqfpgorhynmmetv.jpg,$64.98,$361,1
"Inspired Home Velvet Headboard King Size, Navy",Inspired Home,Furniture,https://ihd.cwa.sellercloud.com/images/products/HB25-02NYK/cd73cc86-66d2-42b6-9aab-fad278a71fa8.jpg,$91.80,$510,1
"Inspired Home Velvet Headboard Queen Size, Grey",Inspired Home,Furniture,https://ihd.cwa.sellercloud.com/images/products/HB25-02GRQ/71391262-8692-427b-828c-7f99fcf6b3a5.jpg,$86.94,$483,1
"Lyra Tufted 5pc Full/Queen Duvet Set, Beige",Inspired Home,Furniture,http://images.salsify.com/image/upload/s--ROBw4t5_--/yeial3pdocrxhwsmzb8b.jpg,$10.98,$61,1
"Lyra Tufted 3pc Twin/Twin XL Duvet Set, White",Inspired Home,Furniture,http://images.salsify.com/image/upload/s---z7d5Y4X--/pvcyblqzamjqboqw4jwq.jpg,$9.72,$54,2
"Moriah Crinkle Velvet 3pc King/California King Comforter Set, Blush",Inspired Home,Furniture,http://images.salsify.com/image/upload/s--u9hV2VQK--/gggple0qwhpskgwtkcwy.jpg,$13.86,$77,1
"Sariyah Pleated 5pc Full/Queen Comforter Set, White",Inspired Home,Furniture,http://images.salsify.com/image/upload/s--srpO-YBZ--/h5lkoz9l5vxn2m2dte3q.jpg,$12.96,$72,1
"Moriah Crinkle Velvet 3pc King/California King Comforter Set, Beige",Inspired Home,Furniture,http://images.salsify.com/image/upload/s--WdocMPv0--/awi5dzphgq4bvu2xof53.jpg,$13.86,$77,1
"Moriah Crinkle Velvet 3pc Full/Queen Comforter Set, Beige",Inspired Home,Furniture,http://images.salsify.com/image/upload/s--_6cS9SlX--/t6phkxwgyd1sgkyxvyvx.jpg,$12.42,$69,1
"Aubriella Crushed Velvet Channel 3pc King/California King Comforter Set, Grey",Inspired Home,Furniture,http://images.salsify.com/image/upload/s--wPTq3rds--/ucp3wqd2j4wsf3ivnnob.jpg,$14.94,$83,1
"Emmalee Shiny Velvet Pintuck 5pc King/California King Comforter Set, Navy",Inspired Home,Furniture,http://images.salsify.com/image/upload/s--Fbx2JFLW--/mlfhke2sjnltzkznnkhc.jpg,$14.58,$81,1
"Jenny Crushed Velvet Quilted 2pc Twin/Twin XL Comforter Set, Blush",Inspired Home,Furniture,http://images.salsify.com/image/upload/s--trHwc4TC--/psdwsc21qxh7koszq5hm.jpg,$10.08,$56,1
"Jenny Crushed Velvet Quilted 2pc Twin/Twin XL Comforter Set, Silver",Inspired Home,Furniture,http://images.salsify.com/image/upload/s--s1g1oqO6--/lx22thi20xjixuxkdppz.jpg,$10.08,$56,2
"Relaxie Flip Chair/Bed, Beige",Inspired Home,Furniture,http://images.salsify.com/image/upload/s--MC4VBkl6--/qvvyydwwe7o3vjy9ltfg.jpg,$32.04,$178,3
"America Cotton Yarn Dye 3pc Full/Queen Comforter Set, Grey",Inspired Home,Furniture,http://images.salsify.com/image/upload/s--U-bo5O2t--/j4anwclgyydilgqqukgq.jpg,$13.86,$77,1
Callum Marble End Table with Gold Stainless Steel Base,Inspired Home,Furniture,http://images.salsify.com/image/upload/s--owQ-Pjju--/ppjj7zdxi8ugychkvxva.jpg,$78.66,$437,1
"High Gloss 1 Drawer End Table with Acrylic Legs and Chrome Stainless Steel Base, White/Chrome",Inspired Home,Furniture,http://images.salsify.com/image/upload/s--OtzWssJ6--/s-fcf0df4d-d8d2-4541-b7f1-857097511858.jpg,$46.80,$260,3
"High Gloss 1 Drawer End Table with Acrylic Legs and Chrome Stainless Steel Base, Light Grey/Chrome",Inspired Home,Furniture,http://images.salsify.com/image/upload/s--1o52VyjX--/s-9e6f887b-657b-411e-aecd-c6325624b7b5.jpg,$46.80,$260,1
"Marble Top End Table with Stainless Steel Chrome Metal Base, White/Chrome",Inspired Home,Furniture,http://images.salsify.com/image/upload/s--OmAAs_sL--/s-b1e4f01c-5bba-4d44-88ee-fb9154c8f3e0.jpg,$40.68,$226,1
"Lesly Dining Table with Chrome Leg and Acrylic Tips, Light Grey",Inspired Home,Furniture,http://images.salsify.com/image/upload/s--cMhb6Gpv--/fndzoavvhkgi9mnnxx4w.jpg,$113.58,$631,1
"Rex 42"" Round Mable Dining Table with Gold Base",Inspired Home,Furniture,http://images.salsify.com/image/upload/s--aZQ6zq9G--/x1qymoijx5uov028rz9v.jpg,$83.52,$464,1
Inspired Home Veneer Dining Table | Oak | Chrome Base | 94.5 Inches Long | Modern,Inspired Home,Furniture,http://images.salsify.com/image/upload/s--T3z_1f8I--/naztnao7gduh1vci0b7b.jpg,$118.62,$659,1
"Christine Velvet Arm Dining Chair with Handle and Chrome Leg (Set of 2), Light Grey",Inspired Home,Furniture,http://images.salsify.com/image/upload/s--sopUFqSp--/zt2swfrukoiykracb9vj.jpg,$86.40,$480,2
"Christine Leather PU Arm Dining Chair with Handle and Chrome Leg (Set of 2), Black",Inspired Home,Furniture,http://images.salsify.com/image/upload/s--dA7NyiLO--/s51ruzpdsd0skh1yp4nq.jpg,$89.64,$498,1
"Vanderbilt PU Leather Button Tufted Armless Dining Chair with Stainless Steel Chrome Frame (Set of 2), Light Grey",Inspired Home,Furniture,http://images.salsify.com/image/upload/s--HMIh288l--/thrx9g81rsyefon19bnl.jpg,$85.68,$476,1
"Ephraim Armless Dining Chair (Set of 2), Oak",Inspired Home,Furniture,http://images.salsify.com/image/upload/s--FBjMnTen--/khjcqawctytjibc3lm2r.jpg,$44.82,$249,1
"Dalia PU Leather Dining Chair with Gold Frame (Set of 2), Black",Inspired Home,Furniture,http://images.salsify.com/image/upload/s--OI46zfWn--/dkhaouq5npteirxnpxum.jpg,$94.14,$523,1
"Dalia Velvet Dining Chair with Gold Frame (Set of 2), Hunter Green",Inspired Home,Furniture,http://images.salsify.com/image/upload/s--5VgPYoEx--/qqvrdaotglfzbfcbbbho.jpg,$94.14,$523,1
"Dalia Velvet Dining Chair with Gold Frame (Set of 2), Grey",Inspired Home,Furniture,http://images.salsify.com/image/upload/s--fmE9Uv-_--/yuxdyqcouzh2nupi4ymg.jpg,$94.14,$523,1
"Zyler Marble Coffee Table, Gold Base",Inspired Home,Furniture,http://images.salsify.com/image/upload/s--uWXFeNGv--/fry4lel5agw3l2enjrt4.jpg,$82.98,$461,2
"High Gloss 2 Drawers Coffee Table with Acrylic Legs and Gold Stainless Steel Base, White/Gold",Inspired Home,Furniture,http://images.salsify.com/image/upload/s--vYoNnXbI--/s-928695fc-4a1e-4ad8-a309-95c8b4b48f81.jpg,$88.20,$490,2
"Mattea Clear Glass Round Top Coffee Table with Metal Frame, Gold",Inspired Home,Furniture,http://images.salsify.com/image/upload/s--A8sst-7---/nigpkjkuzz6blzqnrway.jpg,$90.72,$504,1
"Anniston Velvet Upholstered Corner Sectional Sofa (Right), Navy",Inspired Home,Furniture,http://images.salsify.com/image/upload/s--ZwWJWklW--/eu9dfmebmltzn6rjhxqq.jpg,$270.72,"$1,504",1
"Anniston Velvet Upholstered Corner Sectional Sofa (Right), Hunter Green",Inspired Home,Furniture,http://images.salsify.com/image/upload/s--5TVJHWx1--/wekkjt5jrdao6nc1bafl.jpg,$276.12,"$1,534",1
"High Gloss 2 Drawers Console Table with Acrylic Legs and Chrome Stainless Steel Base, Dark Grey/Chrome",Inspired Home,Furniture,http://images.salsify.com/image/upload/s--uEZHWTsW--/s-9a59c524-24da-4590-a8a1-3fc6bbff3fc8.jpg,$59.58,$331,1
"Angelo Velvet Biscuit Tufted Club Chair with Lucite Legs, Teal",Inspired Home,Furniture,http://images.salsify.com/image/upload/s--86eOJk4A--/fk5vmlzbia3bm8irjlgt.jpg,$101.70,$565,1
"Anniston Velvet Club Chair with Gold Base, Navy",Inspired Home,Furniture,http://images.salsify.com/image/upload/s--bK8cJSsb--/g3jxydvuoiukenptqgbp.jpg,$104.22,$579,1
"Anniston Velvet Club Chair with Gold Base, Grey",Inspired Home,Furniture,http://images.salsify.com/image/upload/s--SUlFPb5s--/uxpwvfktwndcfewd8tij.jpg,$102.24,$568,1
"Oxford PU Leather Button Tufted with Silver Nailhead trim Silver Metal Y-leg Club Chair, Black",Inspired Home,Furniture,http://images.salsify.com/image/upload/s--L2ByhdMv--/pd9mwta4uqesg59eqlqb.jpg,$111.96,$622,1
"Carolyn Velvet Button Tufted Club Chair with Gold Nailhead Trim, Navy",Inspired Home,Furniture,http://images.salsify.com/image/upload/s--_2FcVEk---/rhgusocvky6yaut6gwes.jpg,$97.38,$541,1
"Lotte Velvet Button Tufted Square Tapered Leg Club Chair, Slate Blue",Inspired Home,Furniture,http://images.salsify.com/image/upload/s--UwymkIWQ--/x5zs268ifawktpx9gfy0.jpg,$98.10,$545,1
"Inspired Home Velvet Club Chair, Purple",Inspired Home,Furniture,https://ihd.cwa.sellercloud.com/images/products/CC03-02PL/db750521-5cf1-4f2a-901b-25089c5921ed.jpg,$94.14,$523,1
"Inspired Home Velvet Club Chair, Navy",Inspired Home,Furniture,https://ihd.cwa.sellercloud.com/images/products/CC03-02NY/ed98d0d1-3473-4c8e-91cf-f6389934f103.jpg,$94.14,$523,1
"Giovanni Velvet Club Chair, Hunter Green",Inspired Home,Furniture,http://images.salsify.com/image/upload/s--51XF8S65--/pfggqq0yr7i9pqlpnj9m.jpg,$107.28,$596,1
"Riya Bar Cabinet/Buffet with Storage, Oak",Inspired Home,Furniture,http://images.salsify.com/image/upload/s--KaDAdL7B--/yfmyc2pvcwgfkbiifv5v.jpg,$151.02,$839,1
"Kali High Gloss Lacquer Finish Bookshelf with Polished Stainless Steel Chrome Frame, White",Inspired Home,Furniture,http://images.salsify.com/image/upload/s--N5Qjr2zB--/f0jshjjz9nnhpygeu4e4.jpg,$68.58,$381,1
"Kali High Gloss Lacquer Finish Bookshelf with Polished Stainless Steel Gold Frame, Black",Inspired Home,Furniture,http://images.salsify.com/image/upload/s--GiVMrvlF--/ouvazlthivyhux8kmfqx.jpg,$72.54,$403,1
"Crawford Velvet Bench Acrylic Leg and Silver Nailhead Trim, Black",Inspired Home,Furniture,http://images.salsify.com/image/upload/s--d7vzn2Qg--/wsngqyz7rwxdge1isvpk.jpg,$32.22,$179,3
"Penny Velvet Bar Stool with Chrome Base (set of 2), Grey",Inspired Home,Furniture,http://images.salsify.com/image/upload/s--R1JzaoWm--/zmtvukfts8tbttlpgogr.jpg,$57.96,$322,1
"Penny Velvet Bar Stool with Gold Base (set of 2), Cream White",Inspired Home,Furniture,http://images.salsify.com/image/upload/s--ieIIFmAO--/h1oji8c8saxpkwa1bjsq.jpg,$58.32,$324,1
"Penny Velvet Bar Stool with Gold Base (set of 2), Black",Inspired Home,Furniture,http://images.salsify.com/image/upload/s--48ZkkSCt--/evylcodkmxzoohrua7ao.jpg,$58.32,$324,1
"Aurora Velvet X-Leg Gold Base Bench, Black",Inspired Home,Furniture,http://images.salsify.com/image/upload/s---GvnzVvB--/vzhxaxaaozg8hd25tpsc.jpg,$44.82,$249,1
"Giselle Velvet Acrylic X-Leg Bench, Black",Inspired Home,Furniture,http://images.salsify.com/image/upload/s--D0iaAsc8--/lgygbqz291u8xxhna8j3.jpg,$50.76,$282,1
"Rosalie Linen Swoop Arm Settee Bench with Nailhead Trim, Beige",Inspired Home,Furniture,http://images.salsify.com/image/upload/s--cKtf4vTm--/ksirqqldjzrpke7q5isg.jpg,$82.08,$456,1
"Dalia Velvet Bench with Gold Frame, Navy",Inspired Home,Furniture,http://images.salsify.com/image/upload/s--rAr_iIlM--/piwpi5xvyisqqscofydt.jpg,$33.84,$188,1
"Galileo PU Leather Acrylic Shelf Bench, Silver Croc",Inspired Home,Furniture,http://images.salsify.com/image/upload/s---RhjvU8u--/h4frmlphuj2oaxiomzmo.jpg,$48.96,$272,1
"Caliyah Upholstered Linen Queen Size Wingback Platform Bed, Grey",Inspired Home,Furniture,http://images.salsify.com/image/upload/s--HrirCWXO--/jsjv3dwojgystz6dna2s.jpg,$103.68,$576,1
"Caliyah Upholstered Linen King Size Wingback Platform Bed, Grey",Inspired Home,Furniture,http://images.salsify.com/image/upload/s--UjDFQEr6--/b4e8d5d7cthz24ovswpr.jpg,$112.14,$623,3
"Caliyah Upholstered Velvet King Size Wingback Platform Bed, Black",Inspired Home,Furniture,http://images.salsify.com/image/upload/s--9yNRwd7w--/v4vbsto6jvytuenuayie.jpg,$109.98,$611,1
"Caliyah Upholstered Velvet King Size Wingback Platform Bed, Green",Inspired Home,Furniture,http://images.salsify.com/image/upload/s--KpGm5ZES--/hbhnygaijstwn4j4t9bg.jpg,$109.98,$611,1
"Caliyah Upholstered Velvet Full Size Wingback Platform Bed, Black",Inspired Home,Furniture,http://images.salsify.com/image/upload/s--lpPXKugP--/iqyyajans0jibna6zzgg.jpg,$96.12,$534,3
"Kacie Upholstered Linen Twin XL Wingack Platform Bed, Grey",Inspired Home,Furniture,http://images.salsify.com/image/upload/s---d3hj3cj--/cfmsxoru5vq59wmu6s48.jpg,$86.94,$483,1
"Kacie Upholstered Linen King Size Wingack Platform Bed, Light Beige",Inspired Home,Furniture,http://images.salsify.com/image/upload/s--pSqdl388--/v5wbebhaqp7wzwrcjsir.jpg,$112.14,$623,1
"Kacie Upholstered Linen Twin XL Wingack Platform Bed, Light Beige",Inspired Home,Furniture,http://images.salsify.com/image/upload/s--yXxw_6Ak--/u8juojgxlgxocxmzawrn.jpg,$88.74,$493,1
"Kacie Upholstered Velvet King Size Wingback Platform Bed, Green",Inspired Home,Furniture,http://images.salsify.com/image/upload/s--87O0fD-d--/himye7gixfeddg26yk3c.jpg,$112.14,$623,2
"Kacie Upholstered Velvet Twin XL Wingback Platform Bed, Light Grey",Inspired Home,Furniture,http://images.salsify.com/image/upload/s--rfP_8GzI--/f0jwh6urjequsiicd2nd.jpg,$86.94,$483,1
"Kacie Upholstered Velvet Full Size Wingback Platform Bed, Cream White",Inspired Home,Furniture,http://images.salsify.com/image/upload/s--Ov6jv4cZ--/sktowogbajlab7o3joqo.jpg,$94.32,$524,2
"Alanis Upholstered Velvet Queen Channel Tufted Bed with Acrylic Legs, Pink",Inspired Home,Furniture,http://images.salsify.com/image/upload/s--q9vAkSPd--/lszhfcgevqzgwvq6imsi.jpg,$98.64,$548,2
"Alanis Upholstered Velvet Full Channel Tufted Bed with Acrylic Legs, Navy",Inspired Home,Furniture,http://images.salsify.com/image/upload/s--urb9Kolx--/zsbwapbtdg4j5qqlhh57.jpg,$95.22,$529,1
"Alanis Upholstered Velvet Queen Channel Tufted Bed with Acrylic Legs, Grey",Inspired Home,Furniture,http://images.salsify.com/image/upload/s--7PKtHEnG--/xixngn1yvuzut4q77gcm.jpg,$98.64,$548,1
"Alanis Upholstered Velvet King Channel Tufted Bed with Acrylic Legs, Grey",Inspired Home,Furniture,http://images.salsify.com/image/upload/s--xsLu-6ZG--/jzc2pvjdd7gar2q1fnge.jpg,$105.12,$584,1
"Alanis Upholstered Velvet Full Channel Tufted Bed with Acrylic Legs, Grey",Inspired Home,Furniture,http://images.salsify.com/image/upload/s--JA0wIUxk--/pnfr4bj7thwipcozvwld.jpg,$95.22,$529,1
"Alanis Upholstered Velvet Full Channel Tufted Bed with Acrylic Legs, Slate Blue",Inspired Home,Furniture,http://images.salsify.com/image/upload/s--NVAZr85J--/hutpxfxib2tpiyexjb4k.jpg,$95.22,$529,1
"Alanis Upholstered Velvet Queen Channel Tufted Bed with Acrylic Legs, Black",Inspired Home,Furniture,http://images.salsify.com/image/upload/s--evkR-vxt--/x6uevubccyimtcdb2vrq.jpg,$98.64,$548,1
"Ila Velvet Full Platform Bed with Lift Mechanism, Ivory",Inspired Home,Furniture,http://images.salsify.com/image/upload/s--IEsoUIpA--/zogcpbfpzgz2wq7uziuc.jpg,$100.62,$559,1
"Ila Velvet Queen Platform Bed with Lift Mechanism, Black",Inspired Home,Furniture,http://images.salsify.com/image/upload/s---Usrk2Tf--/ijgpnv6bjd6hdjyav4xz.jpg,$103.32,$574,1
"Ila Velvet Twin XL Platform Bed with Lift Mechanism, Black",Inspired Home,Furniture,http://images.salsify.com/image/upload/s--PacCsiV4--/ijedlmthxlr7lhchhnx3.jpg,$93.24,$518,1
"Addalyn King Velvet Platform Bed with Gold Base, Grey",Inspired Home,Furniture,http://images.salsify.com/image/upload/s--FQjFgX5I--/lhcxfdhnbdhrsj2gr0ho.jpg,$120.60,$670,1
"Addalyn Queen Velvet Platform Bed with Gold Base, Black",Inspired Home,Furniture,http://images.salsify.com/image/upload/s--rbeBSCOS--/bikcx4korroe1wvhzxt2.jpg,$112.86,$627,1
"Addalyn King Velvet Platform Bed with Gold Base, Black",Inspired Home,Furniture,http://images.salsify.com/image/upload/s--TmG-5bDZ--/a7cobx4snoviycknizig.jpg,$122.94,$683,1
"Poppy Velvet Channel Tufted King Bed with Silver Nailhead Trim, Pink",Inspired Home,Furniture,http://images.salsify.com/image/upload/s--VBLPkbeJ--/yqxgueepdo3987rylg3t.jpg,$108.36,$602,1
"Poppy Velvet Channel Tufted Queen Bed with Silver Nailhead Trim, Navy",Inspired Home,Furniture,http://images.salsify.com/image/upload/s--XUnJRoyV--/wllm29jpg2xvwemhyop8.jpg,$99.72,$554,2
"Poppy Velvet Channel Tufted Queen Bed with Silver Nailhead Trim, Grey",Inspired Home,Decor,http://images.salsify.com/image/upload/s--ISFWtFBa--/eg9jq9b9lfe09680e6af.jpg,$101.70,$565,2
"Poppy Velvet Channel Tufted King Bed with Silver Nailhead Trim, Grey",Inspired Home,Furniture,http://images.salsify.com/image/upload/s--zvaVZOO5--/bl85zoeiehmd3occhgim.jpg,$108.36,$602,1
"Poppy Velvet Channel Tufted King Bed with Silver Nailhead Trim, Sky Blue",Inspired Home,Furniture,http://images.salsify.com/image/upload/s--lNRjqamf--/svqhjrfzvnt89wdljqpq.jpg,$110.52,$614,1
"Monroe Velvet Silver Nailhead Trim Twin Platform Bedframe, Grey",Inspired Home,Textiles,http://images.salsify.com/image/upload/s--Y7DCMMV5--/rtdjya8r8f2utymxvxvq.jpg,$76.68,$426,1
"Monroe Velvet Silver Nailhead Trim Twin Platform Bedframe, Blush",Inspired Home,Textiles,http://images.salsify.com/image/upload/s--aPbjZ7FS--/x2zj6i8r8nrbpadlnl4t.jpg,$75.24,$418,1
"Monroe PU Leather Silver Nailhead Trim Queen Platform Bedframe, White",Inspired Home,Textiles,http://images.salsify.com/image/upload/s--lNUnjlWw--/eel9zzmehfj09qzlv3sg.jpg,$105.66,$587,2
"Monroe PU Leather Silver Nailhead Trim King Platform Bedframe, White",Inspired Home,Textiles,http://images.salsify.com/image/upload/s--K7hw5Pca--/pzpuyozqndni6hky7gly.jpg,$113.76,$632,1
"Monroe PU Leather Silver Nailhead Trim King Platform Bedframe, Espresso",Inspired Home,Textiles,http://images.salsify.com/image/upload/s--bGdQjMrP--/ktvqcvrj0ziqk5fp0jwq.jpg,$113.76,$632,2
"Monroe PU Leather Silver Nailhead Trim Queen Platform Bedframe, Black",Inspired Home,Textiles,http://images.salsify.com/image/upload/s--_4FnuHMI--/udlfbllf0pswausfbw5a.jpg,$105.66,$587,1
"Monroe PU Leather Silver Nailhead Trim King Platform Bedframe, Black",Inspired Home,Textiles,http://images.salsify.com/image/upload/s--WVV1i-qc--/xf9ixknz15axsr5my2kp.jpg,$111.60,$620,1
"Dean Linen King Bedframe, Charcoal",Inspired Home,Textiles,http://images.salsify.com/image/upload/s--PnvrXc4j--/u5fgytcr8jxdrgc3fvzv.jpg,$122.58,$681,1
"Dean Linen Queen Bedframe, Beige",Inspired Home,Textiles,http://images.salsify.com/image/upload/s--4D5svEfU--/qwrrfwpsolw8n0nvmslw.jpg,$140.40,$780,1
"Dean Velvet King Bedframe, Hunter Green",Inspired Home,Textiles,http://images.salsify.com/image/upload/s--U_SrDHOa--/cggnnd4so6acqir8v1nw.jpg,$149.76,$832,1
"Bond Linen King Bedframe with Button Tufted Headboard, Grey",Inspired Home,Textiles,http://images.salsify.com/image/upload/s--D1heJ1Xq--/snnzdai39bw6gppae6pi.jpg,$108.54,$603,1
"Bond Linen Full Bedframe with Button Tufted Headboard, Light Grey",Inspired Home,Furniture,http://images.salsify.com/image/upload/s--oon3VMvf--/ypbzfxzhomdygvc60dhx.jpg,$87.84,$488,2
"Bond Linen Twin Bedframe with Button Tufted Headboard, Beige",Inspired Home,Furniture,http://images.salsify.com/image/upload/s--B6lIqMw3--/vigkh42hwcccvue9isdz.jpg,$77.76,$432,3
"Bond Velvet Queen Bedframe with Button Tufted Headboard, Navy",Inspired Home,Furniture,http://images.salsify.com/image/upload/s--y5DxFhVE--/xkud1clxirfjwpiaanl2.jpg,$98.64,$548,2
"Magic Pouf 3-in-1 Linen Ottoman, Bean Bag, Floor Pillow, Beige",Inspired Home,Furniture,http://images.salsify.com/image/upload/s--0kM2PY9R--/bctjanlukbg4ytxzhkdn.jpg,$20.70,$115,1
"Resty Indoor and Outdoor Self Expanding Foam Filled Lounger, Black",Inspired Home,Furniture,http://images.salsify.com/image/upload/s--yiPPIztn--/keqfugx02jhmn8w3ayqo.jpg,$17.10,$95,2
"Resty Indoor and Outdoor Self Expanding Foam Filled Lounger, Beige",Inspired Home,Furniture,http://images.salsify.com/image/upload/s--JqsuxrC5--/dcjotkktjruuswccng3i.jpg,$17.10,$95,1
"Comfy Indoor and Outdoor Nylon Self Expanding Foam Arm Chair, Navy",Inspired Home,Furniture,http://images.salsify.com/image/upload/s--1raIPWP8--/u9tosucylyadfcbzhbjr.jpg,$21.78,$121,1
"Cosmic Indoor and Outdoor Nylon Self Expanding Foam Chair, Beige",Inspired Home,Furniture,http://images.salsify.com/image/upload/s---MP8Fhvq--/ayfrgqoxt8nnzzcebvcl.jpg,$16.92,$94,1
"Zakary Flannel Blanket Reverse Heathered Sherpa 90"" x 90"", Blush",Inspired Home,Furniture,http://images.salsify.com/image/upload/s--H9nIs5VU--/obkwsia3mjdw3jfr7skk.jpg,$10.44,$58,1
"Zakary Flannel Blanket Reverse Heathered Sherpa 108"" x 90"", Fuschia",Inspired Home,Furniture,http://images.salsify.com/image/upload/s--iNaSavdh--/ouga0nncnix3rhnudtft.jpg,$11.52,$64,1
"Bastian Weatherproof Faux Wood Outdoor Adirondack Chair, Teal",Inspired Home,Furniture,http://images.salsify.com/image/upload/s--VkCoLFEF--/dxhr7rbfpzlbcstqtakh.jpg,$31.32,$174,1
"Bastian Weatherproof Faux Wood Outdoor Adirondack Chair, Chocolate",Inspired Home,Furniture,http://images.salsify.com/image/upload/s--L_qs0LYl--/ajjczegqulmqrdhmfela.jpg,$31.32,$174,1
"Vanderbilt PU Leather Button Tufted Square Arm Dining Chair with Stainless Steel Gold Frame (Set of 2), White",Inspired Home,Furniture,http://images.salsify.com/image/upload/s--DaqP5PK2--/xy524y1phkxmblgc9zep.jpg,$107.64,$598,1
"Vanderbilt Velvet Button Tufted Square Arm Dining Chair with Stainless Steel Gold Frame (Set of 2), Hunter Green",Inspired Home,Furniture,http://images.salsify.com/image/upload/s--1sGoxRWd--/lnwk3dmajs9miuqzvuvn.jpg,$105.48,$586,1
"Dalia PU Leather Armless Dining Chair with Chrome Frame (Set of 2), Grey",Inspired Home,Furniture,http://images.salsify.com/image/upload/s--i8G8JKVz--/obwrigolvu6jcunmxxlm.jpg,$87.66,$487,1
"Dalia Velvet Armless Dining Chair with Gold Frame (Set of 2), Navy",Inspired Home,Furniture,http://images.salsify.com/image/upload/s--vhzPR3T5--/i1p2bi2crtehs4bkjrvk.jpg,$89.46,$497,1
"Adalene Velvet Accent Chair with Gold Base, Blush",Inspired Home,Furniture,http://images.salsify.com/image/upload/s--0t4oGijx--/tiggdyhcmbjgxyvymrxl.jpg,$46.98,$261,1
"Felicity Velvet Swoop Arm Slipper Chair with Open Sides, Slate Blue",Inspired Home,Furniture,http://images.salsify.com/image/upload/s--0Za2CErt--/nce5nw0lm5nbfwr7uxpm.jpg,$78.84,$438,1
"Dolly Velvet Armless Slipper Chair with Button Tufting and Rolled Back, Grey",Inspired Home,Furniture,http://images.salsify.com/image/upload/s--dM-CGBz3--/wdgrjmcbzs8gpjhttdq2.jpg,$73.62,$409,1
"Salvador Velvet Button Tufted Armless Slipper Chair with Open Back Style, Grey",Inspired Home,Furniture,http://images.salsify.com/image/upload/s--TFk_-bn---/pwlrchvpdlaeutbeqkur.jpg,$77.76,$432,1