Name,Brand,Category,Image URL,Price,MSRP,Units Available
E26 T30x300 4W 30x300mm LED Light Bulb Clear,Zuo Modern,Lighting,http://images.salsify.com/image/upload/s--_h9KHzZW--/35e265a5157b7d2e51d30c1f7416c96c2bb44c5a.jpg,$7.06,$30.00,115
E26 G80 6W 110x80mm LED Light Bulb Frosted White,Zuo Modern,Lighting,http://images.salsify.com/image/upload/s--dOIKCy5d--/aca60fb0b5e04f35835eb36bf9b3246c35938ea4.jpg,$3.46,$15.00,154
E26 ST64 4W 146x64mm LED Light Bulb Clear,Zuo Modern,Lighting,http://images.salsify.com/image/upload/s--8ZVkF5jh--/959f6e7f0acc207f1d59bbfa7b831224d92781f8.jpg,$3.46,$15.00,47
Wize Table Art Natural,Zuo Modern,Decor,http://images.salsify.com/image/upload/s--m5TP0lt0--/a5uj3060hfv9smjlpiwv.jpg,$45.60,$135.00,23
Fan Table Art Gold,Zuo Modern,Decor,http://images.salsify.com/image/upload/s--OdHIH7V2--/asgy9nsohxmc6z9mlxel.jpg,$45.60,$150.00,19
Lobo Mirror Natural,Zuo Modern,Decor,http://images.salsify.com/image/upload/s--z0xjubDC--/fnf8x22gabnlqqdcnzzn.jpg,$57.60,$210.00,53
Toto Mirror Antique Brown,Zuo Modern,Decor,http://images.salsify.com/image/upload/s--YaPdmgeg--/ean4w7rugmwx2qonbnwt.jpg,$57.60,$240.00,51
Kin Mirror Bronze,Zuo Modern,Decor,http://images.salsify.com/image/upload/s--h43-CTqF--/h9jir9bi5ikhxrnesx8l.jpg,$69.60,$300.00,35
Tolix Mirror Antique Gold & Black,Zuo Modern,Decor,http://images.salsify.com/image/upload/s--MEIrWK58--/zcnjgoijsm9rj6tegpeo.jpg,$81.60,$255.00,6
Saroni Mirror Shelf Antique Gray,Zuo Modern,Decor,http://images.salsify.com/image/upload/s--L-VVpNKZ--/a1tdkj2ykuoghz3fwo8u.jpg,$45.60,$150.00,17
Rand Mirror Bronze,Zuo Modern,Decor,http://images.salsify.com/image/upload/s--mtWRevzo--/86c0288a92a38da9eb77a1795d60df466ae5120b.jpg,$45.60,$165.00,49
Peralta Mirror Shelf Brass & Brown,Zuo Modern,Decor,http://images.salsify.com/image/upload/s--hCrZLOT7--/11545d92ab944ca03c1ad0d82cef3685810bef44.jpg,$57.60,$270.00,20
Dimond Mirror Gold,Zuo Modern,Decor,http://images.salsify.com/image/upload/s--fWTy_qi6--/52a045afff4837a481a4e73e7c7d501d4a1fa36f.jpg,$57.60,$285.00,93
Capell Mirror Antique Gray,Zuo Modern,Decor,http://images.salsify.com/image/upload/s--B-2-M0oR--/f2a77bfeb2e2e15b4f97391b5c91f214ebd91059.jpg,$69.60,$225.00,38
Bernis Mirror Brass,Zuo Modern,Decor,http://images.salsify.com/image/upload/s--9BnSyFxy--/zfyuzmi00gvar6fyd2c6.jpg,$33.60,$120.00,33
Comet Round Mirror Black & Gold,Zuo Modern,Decor,http://images.salsify.com/image/upload/s--GGi3fIRk--/cca61c6fbd44ea75bac9c5c354f87f703d33cdf2.jpg,$45.60,$165.00,26
Glow Round Mirror Gold,Zuo Modern,Decor,http://images.salsify.com/image/upload/s--K_Moh_ng--/34b31e1f959b6013bc06a6d8592ef69d6cf3706c.jpg,$105.60,$420.00,9
Luna Round Mirror Black,Zuo Modern,Decor,http://images.salsify.com/image/upload/s--AFmnD3wO--/dfceab1d55668dc4a130d8f041d600443ff9949b.jpg,$57.60,$240.00,78
Latitude Oval Shelf Mirror Antique Bronze,Zuo Modern,Decor,http://images.salsify.com/image/upload/s--mWASDlTr--/12ac5708af0f6dbbf3b533f7b928b08c45975a84.jpg,$69.60,$285.00,15
Cycle Round Mirror Gold & Walnut,Zuo Modern,Decor,http://images.salsify.com/image/upload/s--NVUAulUE--/2498150f41f7c829aeffe098637d823a1c62a9a5.jpg,$105.60,$435.00,11
Coral Reef Loveseat Gray,Zuo Modern,Furniture,http://images.salsify.com/image/upload/s--t8v0Cr-X--/hutglzzey4uevg2k0br0.jpg,"$1,041.60","$3,630.00",22
Coral Reef Accent Chair Gray,Zuo Modern,Furniture,http://images.salsify.com/image/upload/s--lULG8SVd--/jtah99cbigottn0ia6d6.jpg,$609.60,"$2,145.00",13
Frais Loveseat Gray,Zuo Modern,Furniture,http://images.salsify.com/image/upload/s--PZOumDD0--/ivqsyxkgptlhwehob4br.jpg,$753.60,"$2,625.00",11
Cosmopolitan Sofa Dark Gray,Zuo Modern,Furniture,http://images.salsify.com/image/upload/s--YRiBJ3gn--/ok1yh1kay5mpwxy66ms1.jpg,$525.60,"$2,085.00",21
Cozumel Lounge Chair Beige & Natural,Zuo Modern,Furniture,http://images.salsify.com/image/upload/s--KUqYz7CU--/n1vtflgzgdtz2jjz5uzv.jpg,$429.60,"$1,785.00",4
Metropolitan Double Bench Gray & Silver,Zuo Modern,Furniture,http://images.salsify.com/image/upload/s--Z10B_Od4--/bcf6dd21aaa4af4ea2688e81f28b17f0d1bc53d3.jpg,$177.60,$630.00,14
Lider Plus Conference Chair White,Zuo Modern,Furniture,http://images.salsify.com/image/upload/s--dJ9pnf0I--/d1149b2a2520ed4ed54c9d2d8d1d0b84641de419.jpg,$105.60,"$1,080.00",22
Linea Credenza Walnut,Zuo Modern,Furniture,http://images.salsify.com/image/upload/s--T2mPzfcQ--/118b88db9273ca7b8855f876bdb572afdd2c989f.jpg,$657.60,"$2,055.00",46
Linea Cabinet Walnut,Zuo Modern,Furniture,http://images.salsify.com/image/upload/s--vZJ2nfHJ--/ae17022825fdb534589fb44f039f1ef571782436.jpg,$561.60,"$1,755.00",14
Linea Wide Entertainment Stand Walnut,Zuo Modern,Furniture,http://images.salsify.com/image/upload/s--ancTxKKI--/12f6ed2bb92b3de27e210e2e35bd735634520068.jpg,$537.60,"$1,695.00",32
Linea End Table Walnut,Zuo Modern,Furniture,http://images.salsify.com/image/upload/s--3o-BKT84--/cacd10b4bc78aba766bc034a46aaf966e151ca35.jpg,$297.60,$915.00,3
Calin Armchair Beige,Zuo Modern,Furniture,http://images.salsify.com/image/upload/s--IWcM9na5--/ac126eb9357a6f867dd2a27f2fb8d11f4ab0022d.jpg,$237.60,$825.00,41
Calin Armchair Green,Zuo Modern,Furniture,http://images.salsify.com/image/upload/s--oif6mzui--/8a1f19430a89816d477b88646d292e4e50e80812.jpg,$237.60,$825.00,36
Kono Swivel Counter Stool Black & Walnut,Zuo Modern,Furniture,http://images.salsify.com/image/upload/s--0ludR-WJ--/3d04baf6f5f17832ab2c79476adb4a672a0682f4.jpg,$141.60,$900.00,24
Bhutan Accent Chair Cream,Zuo Modern,Furniture,http://images.salsify.com/image/upload/s--jRRNFI8a--/b8812dc411f6cb50b99be1b90cda74b6801ff7bd.jpg,$477.60,"$1,500.00",6
Bogey Side Table Multicolor,Zuo Modern,Furniture,http://images.salsify.com/image/upload/s--Ffd6npY2--/c4d7c2b0516fbebaab19dbd28ac2fd2ade555289.jpg,$285.60,$885.00,41
Bogey Coffee Table Multicolor,Zuo Modern,Furniture,http://images.salsify.com/image/upload/s--3VXvHeYf--/c9072d5748de1e099ee2fb7333f8ea1a7a7c26fe.jpg,$369.60,"$1,170.00",44
Kipas Accent Chair Pink,Zuo Modern,Furniture,http://images.salsify.com/image/upload/s--GhB7FnbQ--/0735029ebbe2e63f69f0abb6c4efec3eded0a47b.jpg,$393.60,"$1,215.00",12
Kazwali Bench Black & Walnut,Zuo Modern,Furniture,http://images.salsify.com/image/upload/s--ozF2cTWQ--/70e186a690ac5dc887e760ffd3e4a30adfc9ad80.jpg,$321.60,"$1,020.00",26
Lassig Dining Table Black & Walnut,Zuo Modern,Furniture,http://images.salsify.com/image/upload/s--NO2xenJ9--/22c11ffb7ae66de4234884d547f0364019bd24de.jpg,$849.60,"$2,655.00",43
Nejaus Coffee Table Black & Walnut,Zuo Modern,Furniture,http://images.salsify.com/image/upload/s--TZX_YPGx--/2223b8fc5110bc90e56d6d7ffcf453f3931d34e6.jpg,$333.60,"$1,035.00",35
Koriana Coffee Table Black & Walnut,Zuo Modern,Furniture,http://images.salsify.com/image/upload/s--jlBwokhD--/d6c998b706271de210ac9a0631097a85ee049b51.jpg,$393.60,"$1,215.00",34
Koriana Entertainment Stand Black & Walnut,Zuo Modern,Furniture,http://images.salsify.com/image/upload/s--Sd3pPhkX--/ab0908443c1c16cd649535117d36d2781a42a11e.jpg,$489.60,"$1,515.00",26
Koriana Sideboard Black & Walnut,Zuo Modern,Furniture,http://images.salsify.com/image/upload/s--Enc9TRfQ--/5ed03684fac3ca0ae2875e95f5f90804b4a5c000.jpg,$621.60,"$1,950.00",17
Bombo Accent Chair White,Zuo Modern,Furniture,http://images.salsify.com/image/upload/s--2NmfqeUP--/3a6e2fabe6f881d78fb3a245ea4c33979735f849.jpg,$357.60,"$1,125.00",14
Barmas Side Table White & Silver,Zuo Modern,Furniture,http://images.salsify.com/image/upload/s--m9WKdpBx--/a1dc4148a538742467189c07e2810d8cf947be84.jpg,$189.60,$585.00,27
Barmas Coffee Table White & Silver,Zuo Modern,Furniture,http://images.salsify.com/image/upload/s--BmRV__CE--/a134663ff3bfc28fe3ab37ef55fe901615d6337b.jpg,$261.60,$810.00,17
Aipe Coffee Table Black & Brown,Zuo Modern,Furniture,http://images.salsify.com/image/upload/s--kz5P-fEX--/ca00fd597c6a940d833c9ce07a5f59110e830e0a.jpg,$309.60,"$1,065.00",1
Izola Console Table White & Black,Zuo Modern,Furniture,http://images.salsify.com/image/upload/s--S_lfmUyu--/c6e82cc5659c0e21cb25a6e9ce55d3ac38cfee9c.jpg,$309.60,"$1,245.00",10
Arasan Console Table Black,Zuo Modern,Furniture,http://images.salsify.com/image/upload/s--ZG4PO4t8--/4b48c9a2d9794e0b95acc690004b5e5cf9ca0ab9.jpg,$273.60,"$1,110.00",15
Arasan Accent Table Black,Zuo Modern,Furniture,http://images.salsify.com/image/upload/s--q4Ny2KM_--/286b9e527f21947566305980b52b3b18222c5b3f.jpg,$165.60,$660.00,26
Oblic Swivel Dining Chair Orange,Zuo Modern,Furniture,http://images.salsify.com/image/upload/s--9S0MNE64--/8d529feb4663805ed2e1f50952c0039fc3343eb8.jpg,$201.60,$645.00,59
Molli Side Table White,Zuo Modern,Furniture,http://images.salsify.com/image/upload/s--Ax9o-DNP--/56d4bd86a58a6d9489362ba0a66a3b4a327dd6d4.jpg,$57.60,$300.00,7
Tinos Dining Table Black,Zuo Modern,Furniture,http://images.salsify.com/image/upload/s--KWiEqMBP--/61a14e25ad675c097a336912b3275054dc580b75.jpg,$189.60,$780.00,48
Blato Bench Multicolor,Zuo Modern,Furniture,http://images.salsify.com/image/upload/s--46m5wDLw--/89b05b8ca5a0738dbae4c42cc746efc631a9ef48.jpg,$201.60,$615.00,57
Gome Ottoman Wisteria Purple,Zuo Modern,Furniture,http://images.salsify.com/image/upload/s--xaeC4gpq--/794980d44cf1bb0ca10363975dfbf8689cad9c29.jpg,$165.60,$525.00,41
Gome Ottoman Oat Yellow,Zuo Modern,Furniture,http://images.salsify.com/image/upload/s--5VA8A67R--/e4c4bac726a58b99edcabfb45b3697a0a73474d3.jpg,$165.60,$525.00,33
Botoia Bench Black & White,Zuo Modern,Furniture,http://images.salsify.com/image/upload/s--zjAdby4u--/83fd2df9203d44c8ca5e487b654815ffdcee7259.jpg,$261.60,$810.00,35
Boto Storage Ottoman Green,Zuo Modern,Furniture,http://images.salsify.com/image/upload/s--4wqh7js1--/0c7d0cc1ebc94bca66cc86f407038b0c1032ae7c.jpg,$153.60,$465.00,64
Boto Storage Ottoman Black & White,Zuo Modern,Furniture,http://images.salsify.com/image/upload/s--fTJ0uf9U--/88fa8384adf8bf4546047109f96721154791e8d2.jpg,$153.60,$465.00,30
Brics Side Table Set Multicolor,Zuo Modern,Furniture,http://images.salsify.com/image/upload/s--qHv1s_f6--/e1dec1750f4dbb0531c3517eaf9ce49459bf8af6.jpg,$477.60,"$1,470.00",21
Tasse Side Table Black,Zuo Modern,Furniture,http://images.salsify.com/image/upload/s--dCGJocqO--/293502fa561d6da562928a5109ecdff5dd034473.jpg,$105.60,$315.00,7
Reden Side Table Set Silver,Zuo Modern,Furniture,http://images.salsify.com/image/upload/s--XLuDnR9y--/ucjq7teppj8rgngas4ca.jpg,$273.60,$825.00,26
Amber Ottoman Cream,Zuo Modern,Furniture,http://images.salsify.com/image/upload/s--9q8R85s3--/4934da8bc08856524e2a3480b8dd17a6890b7fb0.jpg,$201.60,$615.00,51
Azua Ottoman Cream,Zuo Modern,Furniture,http://images.salsify.com/image/upload/s--mOduHUKP--/5cd245c630fee8e2aff65ae93d608e0f39795db3.jpg,$189.60,$585.00,49
Halifax Storage Bench Gravel Gray,Zuo Modern,Furniture,http://images.salsify.com/image/upload/s--Sm9bm1zA--/2ab6188ab926496f6510f6a072e12e68720be049.jpg,$261.60,$810.00,72
Lebreton Storage Bench Oatmeal Beige,Zuo Modern,Furniture,http://images.salsify.com/image/upload/s--EkRi2k0f--/0737ba3217088da7ad8d261ef1b0b140794642e9.jpg,$189.60,$585.00,67
Creek Bench Glitter Black,Zuo Modern,Furniture,http://images.salsify.com/image/upload/s--UXz0wl0Y--/eb0f13dd99d61762577dc7f337ac9259b91d29b7.jpg,$153.60,$495.00,61
Pender Bench Stone Gray,Zuo Modern,Furniture,http://images.salsify.com/image/upload/s--lAvjE7d7--/f63369da440b29a2dcb9124ed437d25f0a8180f4.jpg,$213.60,$660.00,64
Pago Barstool Gray,Zuo Modern,Furniture,http://images.salsify.com/image/upload/s--AVXWaJZ8--/948759fe57df96521d42e7ec6e69146dbef39c7b.jpg,$117.60,$720.00,78
Pago Counter Stool Gray,Zuo Modern,Furniture,http://images.salsify.com/image/upload/s--eG5xTfuR--/bfa422d505c840fa6dce664acf60cd9d91fea7b6.jpg,$105.60,$690.00,49
Pago Dining Chair Gray,Zuo Modern,Furniture,http://images.salsify.com/image/upload/s--ss86BMzf--/53b9c878030b505ef501a8858cfc19b7fafdb538.jpg,$105.60,$660.00,103
Pago Barstool Black,Zuo Modern,Furniture,http://images.salsify.com/image/upload/s--KXfNM-Pv--/19cd4da9243fff8214a71d6ef65eb07d372aea89.jpg,$117.60,$750.00,78
Pago Counter Stool Black,Zuo Modern,Furniture,http://images.salsify.com/image/upload/s--lORkxuih--/bfb118eadbf7398872ea3bada6b682159a47ead3.jpg,$117.60,$720.00,122
Pago Dining Chair Black,Zuo Modern,Furniture,http://images.salsify.com/image/upload/s--xH1W0E_Y--/ea3a789af2edc09dbcbe3de33f8b30dd482ead53.jpg,$105.60,$690.00,24
Horbat Barstool Gray,Zuo Modern,Furniture,http://images.salsify.com/image/upload/s--MtoqiT1I--/f7f4322b1e9789c44c2705b56bf690b7d97f2fa5.jpg,$129.60,$990.00,84
Horbat Counter Stool Gray,Zuo Modern,Furniture,http://images.salsify.com/image/upload/s--BlERjWgH--/01c0fc37a808d7ecbcb1c4a03fc4842f4090c389.jpg,$129.60,$990.00,76
Horbat Dining Chair Gray,Zuo Modern,Furniture,http://images.salsify.com/image/upload/s--qpjNUO3O--/d50d5e6df2efa765e3933c85c99b4d8d3163d7db.jpg,$129.60,$510.00,46
Horbat Barstool Black,Zuo Modern,Furniture,http://images.salsify.com/image/upload/s--nnf1R_91--/9040b4801ee4742494f15b10db96b83a417ffb96.jpg,$129.60,"$1,020.00",40
Horbat Counter Stool Black,Zuo Modern,Furniture,http://images.salsify.com/image/upload/s--2QfGHdyN--/b650e7afd1d8afb8bf1e3551bf17f8bfc30f6d7c.jpg,$129.60,$990.00,70
Horbat Dining Chair Black,Zuo Modern,Furniture,http://images.salsify.com/image/upload/s--r1Gy2oJf--/37af04e272ff1af736fe1a19fa4da22878e55560.jpg,$129.60,$525.00,75
Dinos Dining Table Black,Zuo Modern,Furniture,http://images.salsify.com/image/upload/s--Qq-b2ygk--/4bdadfdbeb14be16381901d1901d87af0d95fb5c.jpg,$177.60,$720.00,70
Tinos Bar Table Black,Zuo Modern,Furniture,http://images.salsify.com/image/upload/s--uU4XgH3x--/7f8998cb899c35d1028b345d1df057dc7f3797b7.jpg,$177.60,$735.00,15
Horten Sofa Red,Zuo Modern,Furniture,http://images.salsify.com/image/upload/s--LVCA4eyE--/5bf52f23445bcdd81af605ebc13b51cf8751183b.jpg,$753.60,"$2,340.00",7
Horten Accent Chair Red,Zuo Modern,Furniture,http://images.salsify.com/image/upload/s--QGkphrVW--/b0ec1feffbd2604910f43f57a540227644461429.jpg,$429.60,"$1,350.00",25
Turku Swivel Chair Sage Green,Zuo Modern,Furniture,http://images.salsify.com/image/upload/s--2DmXetDA--/6a1871135830c3f926b18301c6aecba0aaba2b95.jpg,$501.60,"$1,560.00",1
Melilla Dining Chair Misty Gray,Zuo Modern,Furniture,http://images.salsify.com/image/upload/s--sAVaCdi6--/9c46b5614e8ae94eb79a3d3870177503236e552b.jpg,$309.60,$975.00,17
Jambi Counter Stool Ivory,Zuo Modern,Furniture,http://images.salsify.com/image/upload/s--budRen-C--/4f337d224d4ada61454f7c75062259f58ebd3911.jpg,$105.60,$870.00,36
Jambi Counter Stool Black & White,Zuo Modern,Furniture,http://images.salsify.com/image/upload/s--9o9kIdfm--/e7add871192ffe0467a4466d12d5072af2a6cf90.jpg,$105.60,$870.00,20
Jambi Dining Chair Black & White,Zuo Modern,Furniture,http://images.salsify.com/image/upload/s--4bIVujg6--/2d36777a1c9d1066889522897c3c734e641ec747.jpg,$117.60,$930.00,12
Augusta Barstool Green & Gold,Zuo Modern,Furniture,http://images.salsify.com/image/upload/s--31WBmklv--/3d1b47ac5419e64ebe155b664e81622bec79084e.jpg,$117.60,$720.00,56
Pago Barstool Brown,Zuo Modern,Furniture,http://images.salsify.com/image/upload/s--cTW6Khgk--/67c19542114daa62397f03d1bd85528df4440c1c.jpg,$117.60,$750.00,8
Pago Counter Stool Brown,Zuo Modern,Furniture,http://images.salsify.com/image/upload/s--YlFGRVPG--/2e23179d21e2b58ec01cfe6ea4e97524b8d74c67.jpg,$117.60,$720.00,44
Pago Dining Chair Brown,Zuo Modern,Furniture,http://images.salsify.com/image/upload/s--Vpymij_i--/a5a2b73325cf75c4936484ed9000975fdebe1474.jpg,$105.60,$690.00,38
Horbat Barstool Brown,Zuo Modern,Furniture,http://images.salsify.com/image/upload/s--ftpQzZ4b--/337716d698baecb87ffe3597623559f11500a2fd.jpg,$129.60,"$1,020.00",29
Horbat Counter Stool Brown,Zuo Modern,Furniture,http://images.salsify.com/image/upload/s--eR7J_wV9--/5053b1396448597128e153144df2238958fc5ce4.jpg,$129.60,$990.00,79
Horbat Dining Chair Brown,Zuo Modern,Furniture,http://images.salsify.com/image/upload/s--O-0JOplH--/d7e2c77535287ccac850ea884af456fb9f2b98ec.jpg,$129.60,$525.00,19
Carter Accent Chair Gray,Zuo Modern,Furniture,http://images.salsify.com/image/upload/s--g5QTTPPt--/a024c2a7f1f22d521a3ab05445d7e42a248973bc.jpg,$189.60,$750.00,54
Aberdeen Coffee Table Black,Zuo Modern,Furniture,http://images.salsify.com/image/upload/s--EBfqcbG8--/6d3c66baf58c11367289e266fd7bbd3be0fbb3b2.jpg,$273.60,$855.00,7
Izola Dining Table Brown,Zuo Modern,Furniture,http://images.salsify.com/image/upload/s--ZjVbGUsg--/4127cd92463e70188dbc5dab46a5e7f8d0ec3e29.jpg,$489.60,"$1,905.00",29
Constanza Bar Cart Black,Zuo Modern,Furniture,http://images.salsify.com/image/upload/s--2f-QPapZ--/2728930fa0e5d63080fb893af7674fddae6c17b7.jpg,$177.60,$540.00,78
Vannes Coffee Table Brass,Zuo Modern,Furniture,http://images.salsify.com/image/upload/s--V49FkSni--/8ebd0d3bf6f35240737e49e3e9fddd76289e02f6.jpg,$177.60,$555.00,2
Convale Console Table Bronze,Zuo Modern,Furniture,http://images.salsify.com/image/upload/s--l4x-jEJR--/9ea75c3a9e456952bf61c690529457ba2b54e79e.jpg,$213.60,$660.00,74
Arzon Coffee Table Set Bronze,Zuo Modern,Furniture,http://images.salsify.com/image/upload/s--7Rk0BY5c--/cc2971d61f1a7b8a5f3c338dd517daa059ad36b6.jpg,$225.60,$720.00,80
Pisco Ottoman Beige & Black,Zuo Modern,Furniture,http://images.salsify.com/image/upload/s---1DrR9hb--/3e244dd7e5d0a91f7f5083bf3dd1d11675d5e257.jpg,$93.60,$285.00,14
Lizardo Ottoman Beige & Black,Zuo Modern,Furniture,http://images.salsify.com/image/upload/s--ZGFBUmrq--/e14e01c625cdd2cf881ae79fc72292d36db9bb55.jpg,$81.60,$285.00,1
Mare Accent Chair Multicolor,Zuo Modern,Furniture,http://images.salsify.com/image/upload/s--jC5msoHe--/5c70b144658d1ea84f66efa0b528b2aa23d365cf.jpg,$117.60,$375.00,30
Marsa Accent Chair Multicolor,Zuo Modern,Furniture,http://images.salsify.com/image/upload/s--DQ_oZDPd--/9282368f19d2a605d2483cecb34a8a0022ec0828.jpg,$117.60,$375.00,37
Tripoli Side Table Bronze,Zuo Modern,Furniture,http://images.salsify.com/image/upload/s--jiXoH3ob--/6d3d55f0daf55ff746eac0ff326109a906bf82ea.jpg,$141.60,$435.00,54
Chenai Drink Table Black,Zuo Modern,Furniture,http://images.salsify.com/image/upload/s--CtfKRQ-v--/8d1df55daa4ce6481a15e7be031dbc81802bd74d.jpg,$93.60,$375.00,25
Bombay Coffee Table Natural,Zuo Modern,Furniture,http://images.salsify.com/image/upload/s--3g1LgEMW--/2db4aa44d0f7b7d87315a1bc96318a8c95c32121.jpg,$453.60,"$1,410.00",9
Luxor Console Table Multicolor,Zuo Modern,Furniture,http://images.salsify.com/image/upload/s--GTCed9u9--/a065824ff175deb25f5fb6b90b219639524504aa.jpg,$369.60,"$1,170.00",13
Luxor Drink Table Multicolor,Zuo Modern,Furniture,http://images.salsify.com/image/upload/s--KR-j2dNs--/8a969300549fc9ea6ebfba4a1210c2f8d616f0fa.jpg,$141.60,$435.00,23
Blanche Counter Stool Ivory,Zuo Modern,Furniture,http://images.salsify.com/image/upload/s--Kp6CgDJ6--/fj9rfunk7fneoa8onyad.jpg,$57.60,$450.00,17
Blanca Barstool Ivory,Zuo Modern,Furniture,http://images.salsify.com/image/upload/s--uar-K-TV--/fa21e77fff289a613365dca453cd2b8f0ef3d6b5.jpg,$69.60,$570.00,66
Blanca Counter Stool Ivory,Zuo Modern,Furniture,http://images.salsify.com/image/upload/s--bBX0XSnl--/733b2920df32d9232e9200718d04d6011a14d509.jpg,$69.60,$570.00,83
Blanca Dining Chair Ivory,Zuo Modern,Furniture,http://images.salsify.com/image/upload/s--PTDBgyX8--/3ea8692b58dc32998c5a4595dbd738c6d4ae13db.jpg,$57.60,$510.00,91
Maxine Dining Chair Black & Gold,Zuo Modern,Furniture,http://images.salsify.com/image/upload/s--taj4FYAR--/3d729b3bf174a1b5b7d25cefe1f0a14d456d4351.jpg,$153.60,$510.00,20
Maxine Dining Chair Green & Gold,Zuo Modern,Furniture,http://images.salsify.com/image/upload/s--iXJ9MmN6--/ddec587b57cf6fe06471dd615c10416c1f07ae85.jpg,$153.60,$510.00,71
Maxine Dining Chair Navy Blue & Gold,Zuo Modern,Furniture,http://images.salsify.com/image/upload/s--S-J7C-tq--/cad137a59c8ca63fe3ca27044fcb338fe4b67d58.jpg,$153.60,$510.00,61
Maxine Dining Chair Gray & Gold,Zuo Modern,Furniture,http://images.salsify.com/image/upload/s--ScStmNwA--/ee6f41d2dcdb47e0f53503b65712de4367bf24e4.jpg,$141.60,$480.00,53
Josephine Barstool Brown,Zuo Modern,Furniture,http://images.salsify.com/image/upload/s--1yLJfnZr--/e431546567d5a0658a726087138ce368e94fb10c.jpg,$117.60,$960.00,81
Josephine Counter Stool Brown,Zuo Modern,Furniture,http://images.salsify.com/image/upload/s--BRN7BkrM--/49b0d7018927c2b7c2376e8f7aec691a97db921d.jpg,$117.60,$960.00,76
Josephine Counter Stool Cream,Zuo Modern,Furniture,http://images.salsify.com/image/upload/s--bQy-srf1--/7e4aad237e144a968831816b1c95eb013667a490.jpg,$117.60,$960.00,3
Josephine Dining Chair Cream,Zuo Modern,Furniture,http://images.salsify.com/image/upload/s--qVKqh7y8--/60b30bc2af3dbc7e2b8ece5546959a98c7bda423.jpg,$105.60,$810.00,37
Marcel Barstool Brown,Zuo Modern,Furniture,http://images.salsify.com/image/upload/s--ZZb2KLFb--/026d23132a9f075657f33e364cd67265893d4e33.jpg,$141.60,"$1,110.00",74
Marcel Barstool Cream,Zuo Modern,Furniture,http://images.salsify.com/image/upload/s--osjlWXVO--/8508df1ddd4af93d9b190145eb6d886ecf756709.jpg,$141.60,"$1,110.00",41
Marcel Counter Stool Brown,Zuo Modern,Furniture,http://images.salsify.com/image/upload/s--FeHSgGZ---/b88d121cfd7db70446fe72ac9810ee9cc4de4242.jpg,$141.60,"$1,080.00",44
Marcel Counter Stool Cream,Zuo Modern,Furniture,http://images.salsify.com/image/upload/s--53BIC1aD--/a2b5755285f252c4257881ef0087a1d6f4140ef8.jpg,$141.60,"$1,080.00",105
Marcel Dining Chair Brown,Zuo Modern,Furniture,http://images.salsify.com/image/upload/s--pNAwiB2a--/fec693cb477291a4978652c0a30c72f5140a6e6b.jpg,$117.60,$930.00,58
Marcel Dining Chair Cream,Zuo Modern,Furniture,http://images.salsify.com/image/upload/s--KqKTWLlH--/f3k7w6crbi9azvk2vyug.jpg,$117.60,$930.00,72
Georges Counter Stool Gray & Gold,Zuo Modern,Furniture,http://images.salsify.com/image/upload/s--cCmdgfc2--/150617d337a16b0f86e78bf416d25eb7b20e5196.jpg,$165.60,"$1,320.00",72
Georges Dining Chair Gray & Gold,Zuo Modern,Furniture,http://images.salsify.com/image/upload/s--vExnMAMU--/252e5ed6a6962f0018e8d08b6150fb27c0aeeb83.jpg,$141.60,"$1,110.00",42
Thibideaux Dining Chair Light Gray,Zuo Modern,Furniture,http://images.salsify.com/image/upload/s--Knbtr10a--/ccdc5b26158deac8173e6706b115a3349881ff02.jpg,$69.60,$540.00,63
Thibideaux Dining Chair Ivory,Zuo Modern,Furniture,http://images.salsify.com/image/upload/s--Tp0rU5Gp--/8daec1c21eec4300c17658f43ea0be070281a1ed.jpg,$69.60,$540.00,36
Noosa Dining Chair Ivory,Zuo Modern,Furniture,http://images.salsify.com/image/upload/s--IF6gRW8r--/662f51027bda7f297a9e5c30c0467bdfd05d8033.jpg,$153.60,"$1,140.00",71
Noosa Dining Chair Gray,Zuo Modern,Furniture,http://images.salsify.com/image/upload/s--3E6zBBNm--/4426a90c91f220e2a3bbcadb52b5ee3b4a4bcc45.jpg,$141.60,"$1,110.00",84
Noosa Dining Chair Navy Blue,Zuo Modern,Furniture,http://images.salsify.com/image/upload/s--gxJ4dqN7--/1e36ede8b4f649cdf0eccfb45d99935a70a7b2bb.jpg,$141.60,"$1,110.00",68
Smart Counter Stool Ivory,Zuo Modern,Furniture,http://images.salsify.com/image/upload/s--ymdibUoD--/8a4054f47a6e7e40ce64be9127b84b90e3d1c672.jpg,$93.60,$600.00,95
Smart Dining Chair Ivory,Zuo Modern,Furniture,http://images.salsify.com/image/upload/s--EZLWoQFc--/ad02f8ed8b24c88d58a9032549dae7d5491faf55.jpg,$81.60,$540.00,30
Torlo Dining Chair White,Zuo Modern,Furniture,http://images.salsify.com/image/upload/s--CUFTGtIb--/dibirfwk2pke9meaobco.jpg,$69.60,$540.00,23
Tollo Dining Chair Brown,Zuo Modern,Furniture,http://images.salsify.com/image/upload/s--LWOQFJUT--/1e009d3ef45fd6423e7674d0e05976661a33fc78.jpg,$69.60,$540.00,64
Montana Side Table Brown,Zuo Modern,Furniture,http://images.salsify.com/image/upload/s--p7TL95cY--/1c2993fcd5e387aa3279ac826f332ac64231379a.jpg,$153.60,$465.00,70
Halle Side Table Gray,Zuo Modern,Furniture,http://images.salsify.com/image/upload/s--g1VU3qHS--/d963da9e6049704efb3537e3f33354472b006c39.jpg,$153.60,$465.00,60
Bronson Coffee Table Bronze,Zuo Modern,Furniture,http://images.salsify.com/image/upload/s--wFp0eN_m--/19a45cb05e1e1aac1ab966f8ce14142ab59e92c5.jpg,$93.60,$285.00,72
Bronson Accent Table Bronze,Zuo Modern,Furniture,http://images.salsify.com/image/upload/s--goosoFPi--/b261d3566a8134231b56b3cbe03645828ca0cb29.jpg,$93.60,$300.00,105
Johan Side Table Multicolor,Zuo Modern,Furniture,http://images.salsify.com/image/upload/s--CvfjpcsW--/zxcqbmlc76sntht3asc7.jpg,$69.60,$300.00,21
Bronson Side Table Bronze,Zuo Modern,Furniture,http://images.salsify.com/image/upload/s--zNgZdeC7--/8ac0eccf36a2cd40b7cb8e15b6d8e9bceb521ec9.jpg,$81.60,$240.00,83
Will Side Table White,Zuo Modern,Furniture,http://images.salsify.com/image/upload/s--luar_8YO--/dch0qujdpsdm61mhcdq7.jpg,$81.60,$315.00,66
Maurice Side Table White & Gold,Zuo Modern,Furniture,http://images.salsify.com/image/upload/s--P5M8Cdjr--/s3bmfoda9y7tjessixgj.jpg,$69.60,$270.00,39
Joel Side Table White & Silver,Zuo Modern,Furniture,http://images.salsify.com/image/upload/s--70mRUarR--/s1mzuifds0ggqxszw9fi.jpg,$105.60,$420.00,11
Lionel Office Chair Olive Green,Zuo Modern,Furniture,http://images.salsify.com/image/upload/s--lnLj1usw--/9ad7c4bf33766333835215ed2851eb883f47ece4.jpg,$201.60,$630.00,63
Lionel Office Chair Beige,Zuo Modern,Furniture,http://images.salsify.com/image/upload/s--_FquTFc1--/4e77cf1050ed47602879041da399ea5da7e413d1.jpg,$201.60,$630.00,73
New York Accent Chair Olive Green,Zuo Modern,Furniture,http://images.salsify.com/image/upload/s--IsYhneV2--/1b929a2258f4aee481505920daf175cda3dedff8.jpg,$273.60,"$1,110.00",5
Chicago Accent Chair Ivory,Zuo Modern,Furniture,http://images.salsify.com/image/upload/s--kqN1gmGQ--/8c2a09a2d2e754432f5bcffaca98e44f5921578d.jpg,$297.60,"$1,170.00",36
Boston Counter Stool Vintage Black,Zuo Modern,Furniture,http://images.salsify.com/image/upload/s--IiY51OWB--/huqt3ep1kc2llnrgcqim.jpg,$57.60,$480.00,3
Adele Barstool Orange & Gold,Zuo Modern,Furniture,http://images.salsify.com/image/upload/s--teFoA4Mw--/huwekveqic1jhlqccrlj.jpg,$81.60,$690.00,42
Kortha Coffee Table Antique Silver,Zuo Modern,Furniture,http://images.salsify.com/image/upload/s--2SYN0kok--/amcj0ljnc9fjhvycwpk9.jpg,$429.60,"$1,335.00",96
Woozy Side Table White & Black,Zuo Modern,Furniture,http://images.salsify.com/image/upload/s--7STaxfV5--/vczj6jrhphmrk7o6qyou.jpg,$69.60,$210.00,4
Duchess Coffee Table White & Antique Bronze,Zuo Modern,Furniture,http://images.salsify.com/image/upload/s--D4_eQqPC--/tjhsxay6hj2qxbkdehaj.jpg,$393.60,"$1,575.00",36
"Star City Dining Table (60"") Gray & Silver",Zuo Modern,Furniture,http://images.salsify.com/image/upload/s--p5VQcd-4--/qyvmzgtfvuookgxg6sdc.jpg,$645.60,"$2,970.00",30
"Metropolis Dining Table (60"") Gray & Silver",Zuo Modern,Furniture,http://images.salsify.com/image/upload/s--1v_VCFSO--/qcnjajlorsxhefapw3xq.jpg,$645.60,"$2,970.00",30
Star City Dining Table Gray & Silver,Zuo Modern,Furniture,http://images.salsify.com/image/upload/s--esSGZX9h--/vbnhzop9nqfguka4b0rd.jpg,$429.60,"$1,815.00",36
Metropolis Dining Table Gray & Silver,Zuo Modern,Furniture,http://images.salsify.com/image/upload/s--TInFnzLw--/aopwg0cmymhuqvpjbot9.jpg,$489.60,"$1,725.00",11
Zebra Shelf Multicolor,Zuo Modern,Furniture,http://images.salsify.com/image/upload/s--mt0GPkqu--/uepqo34n9g7jeiscflnw.jpg,$297.60,"$1,035.00",33
Lotus Side Table Gold,Zuo Modern,Furniture,http://images.salsify.com/image/upload/s--FLZfKrE6--/3dbdcd90cf868e2644f159dfa604318d109cc4c6.jpg,$153.60,$510.00,107
Bethpage Dining Chair Multicolor Print & Green,Zuo Modern,Furniture,http://images.salsify.com/image/upload/s--XaPx37rJ--/om6usiny9tnnfcmjvtio.jpg,$33.60,$750.00,30
Torrey Dining Chair Multicolor Print & Gray,Zuo Modern,Furniture,http://images.salsify.com/image/upload/s--slUduSLG--/ps54jz4sqbm9kqwommz1.jpg,$33.60,$750.00,110
Tim Side Table White & Black,Zuo Modern,Furniture,http://images.salsify.com/image/upload/s--TxWha-Iq--/385d323430e3ae9b9b6cc133cf143589a32bc993.jpg,$93.60,$375.00,21
Christian Side Table Black & White,Zuo Modern,Furniture,http://images.salsify.com/image/upload/s--bNtaXlRu--/oteabe9ec9jzzagrddyd.jpg,$57.60,$210.00,5
Tammy Dining Chair Yellow,Zuo Modern,Furniture,http://images.salsify.com/image/upload/s--8kp2-bEu--/pcsnwwycdhqfqpymfvow.jpg,$57.60,$450.00,62
Tammy Dining Chair Green,Zuo Modern,Furniture,http://images.salsify.com/image/upload/s--MbJh685y--/lsvyfr1kidqaos4smxmu.jpg,$57.60,$450.00,94
Tyler Dining Chair Brown,Zuo Modern,Furniture,http://images.salsify.com/image/upload/s--ipcGEV3s--/0dfcd8bef17b07e021a1b3752f2b4e933c25d482.jpg,$69.60,$570.00,6
Teddy Dining Chair Gray,Zuo Modern,Furniture,http://images.salsify.com/image/upload/s--28L87Ir_--/d16bc946e0c0f03ec5729534f3c5802e8320134e.jpg,$129.60,$840.00,37
Teddy Dining Chair Ivory,Zuo Modern,Furniture,http://images.salsify.com/image/upload/s--KMQdCcJR--/ukkhvxzo2twxtdinymty.jpg,$129.60,$840.00,50
Proton Side Table Gold,Zuo Modern,Furniture,http://images.salsify.com/image/upload/s--AhOy9pf7--/2bd11075a46bd97a47bb2ee4fa2c1c8205942864.jpg,$57.60,$360.00,19
Electron Coffee Table Gold,Zuo Modern,Furniture,http://images.salsify.com/image/upload/s--spKU-tDv--/dabf9cd52f19d388da2704a16cb03fe851eefad0.jpg,$105.60,$675.00,16
Kerris Coffee Table Set Gray & Black,Zuo Modern,Furniture,http://images.salsify.com/image/upload/s--j06Joqgy--/672abaf10deb6faf98861a790def2d2a6fff2dcd.jpg,$177.60,$600.00,28
Lillian Ottoman Black,Zuo Modern,Furniture,http://images.salsify.com/image/upload/s--_Lf6E2Af--/c4d95e350508b36a12bbf5edb4f4a6bf1250a1bc.jpg,$81.60,$255.00,22
Phoenix Dining Table White,Zuo Modern,Furniture,http://images.salsify.com/image/upload/s--pUZQ9oks--/48489445e6f065299fc53844f70e9772bd64d70f.jpg,$561.60,"$1,950.00",7
Mazzy Coffee Table Brown,Zuo Modern,Furniture,http://images.salsify.com/image/upload/s--tnmx6Hb7--/788d7055d593f1a06f9f8694dd11eec3c7d928ef.jpg,$129.60,$435.00,9
Divinity Sofa Gray,Zuo Modern,Furniture,http://images.salsify.com/image/upload/s--3OdAbqI1--/2e7feaed1fd25e48beb1af062ad74f0884ad6a6b.jpg,$753.60,"$2,385.00",10
Var Counter Stool Yellow,Zuo Modern,Furniture,http://images.salsify.com/image/upload/s--azL_--ht--/ff2722f24b1c841e7ea6e214bba889d84a9e5302.jpg,$57.60,$330.00,1
Perpignan Dining Table Brown,Zuo Modern,Furniture,http://images.salsify.com/image/upload/s--TUezfXRH--/2097912b869436295e2acd3c9a48b4c3b425c3b9.jpg,$213.60,"$1,260.00",23
Tony Counter Stool Red & Gold,Zuo Modern,Furniture,http://images.salsify.com/image/upload/s--XjN6Trx3--/cf7f0c0999c256ec408a1a2640851c494a31b67c.jpg,$81.60,$330.00,1
Tony Barstool Red & Gold,Zuo Modern,Furniture,http://images.salsify.com/image/upload/s--UeJt3XD0--/d494558c24b0d89282f9520962f00814f0834872.jpg,$69.60,$375.00,20
Tony Barstool Green & Gold,Zuo Modern,Furniture,http://images.salsify.com/image/upload/s--PmhRZSYW--/66f61b5ec2471e8f9d8f0d514a3cab185bbc7eba.jpg,$69.60,$375.00,18
Clement Side Table White & Gold,Zuo Modern,Furniture,http://images.salsify.com/image/upload/s--Uc7ONQlD--/0b77e25a7ed0c0a9ff9a7512b1e16b048398a4d4.jpg,$165.60,$525.00,8
Emi End Table Antique Bronze,Zuo Modern,Furniture,http://images.salsify.com/image/upload/s--Saxgzq0L--/2d0503229c7c01a6a77268de3a23c8ad42c17e03.jpg,$69.60,$315.00,11
Aki Barstool White & Walnut,Zuo Modern,Furniture,http://images.salsify.com/image/upload/s--KGF9xIlo--/3bcf203444d9303d3104891f4b6dac13b788d53e.jpg,$57.60,$930.00,68
Bree Barstool Burgundy & Gold,Zuo Modern,Furniture,http://images.salsify.com/image/upload/s--gwjP3QYA--/9ad8f9c5e7826e9d811c5669702a647ab534eb40.jpg,$165.60,"$1,140.00",63
Bree Counter Stool Burgundy & Gold,Zuo Modern,Furniture,http://images.salsify.com/image/upload/s--4opOUhcF--/351d4653d94683372ec6ca2d91936111d105ca60.jpg,$141.60,"$1,080.00",94
Piccolo Barstool Pink,Zuo Modern,Furniture,http://images.salsify.com/image/upload/s--3TJKz0IX--/557497231d0ba8f5903890bbe4a0552c2cbad1d8.jpg,$105.60,$585.00,66
Piccolo Counter Stool Yellow,Zuo Modern,Furniture,http://images.salsify.com/image/upload/s--PdSDYB7O--/226f6691712a2e72ccf9dc97099bc9736800d99d.jpg,$129.60,$585.00,26
Piccolo Dining Chair Yellow,Zuo Modern,Furniture,http://images.salsify.com/image/upload/s--OASsVPJI--/8cb5a7e4ab51b5996a980c1c2cda49af11ef849f.jpg,$117.60,"$1,110.00",22
Piccolo Dining Chair Pink,Zuo Modern,Furniture,http://images.salsify.com/image/upload/s--CegfLb63--/603cfb3ff7be742637a181844fbb98e9a8cdb51d.jpg,$117.60,"$1,110.00",16
Tangiers Barstool Taupe,Zuo Modern,Furniture,http://images.salsify.com/image/upload/s--pAelBhqJ--/gv1frdukgyto1gfzhpoq.jpg,$69.60,$930.00,38
Regents Dining Chair Walnut & Light Gray,Zuo Modern,Furniture,http://images.salsify.com/image/upload/s--2-SB0daL--/02589563d857207ade22a986602bde6e375e28f6.jpg,$153.60,$870.00,33
Atlas Console Table White & Silver,Zuo Modern,Furniture,http://images.salsify.com/image/upload/s--0R6FEiJc--/345071236d59205246fce57fb13480d695ef90af.jpg,$165.60,$705.00,37
Atlas Dining Table White & Silver,Zuo Modern,Furniture,http://images.salsify.com/image/upload/s--RBqLHRRv--/d401bf8e492738ca3ae4a74c3e6e098f25170204.jpg,$489.60,"$1,695.00",45
Tintern Coffee Table White & Antique Bronze,Zuo Modern,Furniture,http://images.salsify.com/image/upload/s--Trxc8RJW--/09e45d08e8ad8b65dccbecf8d8aa1a6aaaf4bf28.jpg,$261.60,"$1,035.00",22
Atlas Dining Table White & Gold,Zuo Modern,Decor,http://images.salsify.com/image/upload/s--BajeCv6b--/bef3c3e91cf7fdd4a26a0b61b31b0038c5edd2b2.jpg,$513.60,"$1,785.00",3
Rocky Sofa Putty,Zuo Modern,Furniture,http://images.salsify.com/image/upload/s--dVLHU0Xf--/ee5e1d25dbffdc572117cb2b819257c3a4074ea0.jpg,$321.60,"$1,425.00",16
Glider Conference Chair Taupe,Zuo Modern,Furniture,http://images.salsify.com/image/upload/s--y8S-J2hG--/8e123829f40632bad1b8571ee0efb7fd3e32eaa4.jpg,$213.60,$675.00,76
Moor Counter Stool Dark Gray,Zuo Modern,Furniture,http://images.salsify.com/image/upload/s--rSlLGwJx--/ab8b9a13639bf1f847338b37694370214949b816.jpg,$141.60,$645.00,60
Glider High Back Office Chair Taupe,Zuo Modern,Furniture,http://images.salsify.com/image/upload/s--X4zYv-W0--/42a77504c3540e28f1d8af6d15f02d23abc1344f.jpg,$297.60,$915.00,60
Rotorura Ceiling Lamp Rust,Zuo Modern,Furniture,http://images.salsify.com/image/upload/s--h73wOrux--/f8ebf71cce663056a4d7c3706459fa54c711cae6.jpg,$9.60,$180.00,68
Bergen Bar Table Walnut,Zuo Modern,Furniture,http://images.salsify.com/image/upload/s--vZg_Br8j--/5fd8edd0acdd8505e2889d003ba98b6424a1c526.jpg,$201.60,$705.00,2
Jamison Table Lamp Gray,Zuo Modern,Furniture,http://images.salsify.com/image/upload/s--xEracrmY--/3c07f644c74de9ade10c56c2c3ff957d09d143bb.jpg,$18.00,$285.00,70
Jamison Table Lamp Green,Zuo Modern,Furniture,http://images.salsify.com/image/upload/s--P045Y2Nd--/7bb47758a6c442d16776a32a35e4a4e4545a5d16.jpg,$18.00,$285.00,50
Yves Floor Lamp Gold & Black,Zuo Modern,Furniture,http://images.salsify.com/image/upload/s--tH_VFjDu--/ribvitxyyt1bsi0ocvui.jpg,$57.60,$690.00,40
Yves Table Lamp Gold & Black,Zuo Modern,Furniture,http://images.salsify.com/image/upload/s--eN6Lrl7P--/47ee3370728a8605dae6144415ae0c7b4f507624.jpg,$21.60,$360.00,3
Yves Ceiling Lamp Gold & Black,Zuo Modern,Furniture,http://images.salsify.com/image/upload/s--727jUa-4--/08ac080365ec24c0fd8fc837f8f391e2bb1ff1c4.jpg,$21.60,$285.00,82
Wonderwall Table Lamp Gold,Zuo Modern,Lighting,http://images.salsify.com/image/upload/s--pV5mbYdY--/f613e7cd4e2b0b92ff954dffafa09404ed0ad605.jpg,$33.60,$660.00,50
Constance Ceiling Lamp Brass,Zuo Modern,Furniture,http://images.salsify.com/image/upload/s--jES79IuD--/e0829a8388bfd3de83b843fd378d5ba8f24402fd.jpg,$33.60,$270.00,14
Richiza Ceiling Lamp Black,Zuo Modern,Lighting,http://images.salsify.com/image/upload/s--R5d4mh-x--/c53beed1571d72173ebdeb0d2abc0b5db9c73e7f.jpg,$177.60,$615.00,2
Adeo Ceiling Lamp Brass,Zuo Modern,Lighting,http://images.salsify.com/image/upload/s--YpGr96rh--/ba9ee53bb611f70e97abca4f5600353f53637896.jpg,$33.60,$255.00,12
Martiza Ceiling Lamp Gold & Black,Zuo Modern,Lighting,http://images.salsify.com/image/upload/s--G-12gdH3--/qtrvtegnifpnkkps1mke.jpg,$21.60,$300.00,6
Forecast Ceiling Lamp Rose Gold,Zuo Modern,Lighting,http://images.salsify.com/image/upload/s--sU0v5Y6_--/ef224ba063d081804b46d5a569d4bfdb2704ecf3.jpg,$21.60,$459.00,8
Belfast Ceiling Lamp Black,Zuo Modern,Lighting,http://images.salsify.com/image/upload/s--xzg4zeLI--/dc3cea363a2ee71f325be8b3ebaf712fe6fb66bf.jpg,$309.60,"$1,095.00",2